time,equity,symbol,prototype,gate,leverage_mode
2020-09-23 07:00:00+00:00,1000.0,AVAXUSDT,P6_MOMENTUM_OR_BREAKOUT_TOP20,G1_SINGLE_BEST_PATH_SAFETY,adaptive_3x_8x_v1
2020-10-09 06:00:00+00:00,933.3952090837719,AVAXUSDT,P6_MOMENTUM_OR_BREAKOUT_TOP20,G1_SINGLE_BEST_PATH_SAFETY,adaptive_3x_8x_v1
2020-10-10 05:45:00+00:00,952.5238571187157,AVAXUSDT,P6_MOMENTUM_OR_BREAKOUT_TOP20,G1_SINGLE_BEST_PATH_SAFETY,adaptive_3x_8x_v1
2020-10-12 22:00:00+00:00,1140.9334171815838,AVAXUSDT,P6_MOMENTUM_OR_BREAKOUT_TOP20,G1_SINGLE_BEST_PATH_SAFETY,adaptive_3x_8x_v1
2020-10-22 12:30:00+00:00,1397.339926337862,AVAXUSDT,P6_MOMENTUM_OR_BREAKOUT_TOP20,G1_SINGLE_BEST_PATH_SAFETY,adaptive_3x_8x_v1
2020-10-26 15:30:00+00:00,1270.7865663228572,AVAXUSDT,P6_MOMENTUM_OR_BREAKOUT_TOP20,G1_SINGLE_BEST_PATH_SAFETY,adaptive_3x_8x_v1
2020-11-02 08:30:00+00:00,1163.179140082448,AVAXUSDT,P6_MOMENTUM_OR_BREAKOUT_TOP20,G1_SINGLE_BEST_PATH_SAFETY,adaptive_3x_8x_v1
2020-11-11 11:30:00+00:00,1115.5991610955107,AVAXUSDT,P6_MOMENTUM_OR_BREAKOUT_TOP20,G1_SINGLE_BEST_PATH_SAFETY,adaptive_3x_8x_v1
2020-11-14 04:00:00+00:00,1080.7638362625084,AVAXUSDT,P6_MOMENTUM_OR_BREAKOUT_TOP20,G1_SINGLE_BEST_PATH_SAFETY,adaptive_3x_8x_v1
2020-11-17 09:30:00+00:00,1071.8447821982024,AVAXUSDT,P6_MOMENTUM_OR_BREAKOUT_TOP20,G1_SINGLE_BEST_PATH_SAFETY,adaptive_3x_8x_v1
2020-11-20 16:00:00+00:00,1053.0803319070974,AVAXUSDT,P6_MOMENTUM_OR_BREAKOUT_TOP20,G1_SINGLE_BEST_PATH_SAFETY,adaptive_3x_8x_v1
2020-11-30 05:45:00+00:00,1045.732105851981,AVAXUSDT,P6_MOMENTUM_OR_BREAKOUT_TOP20,G1_SINGLE_BEST_PATH_SAFETY,adaptive_3x_8x_v1
2020-12-12 10:15:00+00:00,1058.4998534829688,AVAXUSDT,P6_MOMENTUM_OR_BREAKOUT_TOP20,G1_SINGLE_BEST_PATH_SAFETY,adaptive_3x_8x_v1
2020-12-13 15:15:00+00:00,1043.6917905094806,AVAXUSDT,P6_MOMENTUM_OR_BREAKOUT_TOP20,G1_SINGLE_BEST_PATH_SAFETY,adaptive_3x_8x_v1
2020-12-19 16:00:00+00:00,1050.6496000362222,AVAXUSDT,P6_MOMENTUM_OR_BREAKOUT_TOP20,G1_SINGLE_BEST_PATH_SAFETY,adaptive_3x_8x_v1
2021-01-01 17:30:00+00:00,1033.7830483277694,AVAXUSDT,P6_MOMENTUM_OR_BREAKOUT_TOP20,G1_SINGLE_BEST_PATH_SAFETY,adaptive_3x_8x_v1
2021-01-02 06:45:00+00:00,1017.5908612392051,AVAXUSDT,P6_MOMENTUM_OR_BREAKOUT_TOP20,G1_SINGLE_BEST_PATH_SAFETY,adaptive_3x_8x_v1
2021-01-06 19:30:00+00:00,1168.0427584558076,AVAXUSDT,P6_MOMENTUM_OR_BREAKOUT_TOP20,G1_SINGLE_BEST_PATH_SAFETY,adaptive_3x_8x_v1
2021-01-08 18:15:00+00:00,1182.2458752827508,AVAXUSDT,P6_MOMENTUM_OR_BREAKOUT_TOP20,G1_SINGLE_BEST_PATH_SAFETY,adaptive_3x_8x_v1
2021-01-10 03:15:00+00:00,1581.8959820933317,AVAXUSDT,P6_MOMENTUM_OR_BREAKOUT_TOP20,G1_SINGLE_BEST_PATH_SAFETY,adaptive_3x_8x_v1
2021-01-14 18:45:00+00:00,1968.764170878923,AVAXUSDT,P6_MOMENTUM_OR_BREAKOUT_TOP20,G1_SINGLE_BEST_PATH_SAFETY,adaptive_3x_8x_v1
2021-01-17 16:00:00+00:00,2282.2700100091743,AVAXUSDT,P6_MOMENTUM_OR_BREAKOUT_TOP20,G1_SINGLE_BEST_PATH_SAFETY,adaptive_3x_8x_v1
2021-01-23 00:00:00+00:00,2216.8663869046236,AVAXUSDT,P6_MOMENTUM_OR_BREAKOUT_TOP20,G1_SINGLE_BEST_PATH_SAFETY,adaptive_3x_8x_v1
2021-01-31 18:45:00+00:00,2250.7243662950823,AVAXUSDT,P6_MOMENTUM_OR_BREAKOUT_TOP20,G1_SINGLE_BEST_PATH_SAFETY,adaptive_3x_8x_v1
2021-02-04 08:45:00+00:00,2482.9864404052983,AVAXUSDT,P6_MOMENTUM_OR_BREAKOUT_TOP20,G1_SINGLE_BEST_PATH_SAFETY,adaptive_3x_8x_v1
2021-02-06 01:30:00+00:00,2314.872724226305,AVAXUSDT,P6_MOMENTUM_OR_BREAKOUT_TOP20,G1_SINGLE_BEST_PATH_SAFETY,adaptive_3x_8x_v1
2021-02-08 13:15:00+00:00,4327.9787156206985,AVAXUSDT,P6_MOMENTUM_OR_BREAKOUT_TOP20,G1_SINGLE_BEST_PATH_SAFETY,adaptive_3x_8x_v1
2021-02-08 21:45:00+00:00,4367.561284182403,AVAXUSDT,P6_MOMENTUM_OR_BREAKOUT_TOP20,G1_SINGLE_BEST_PATH_SAFETY,adaptive_3x_8x_v1
2021-02-11 00:45:00+00:00,9974.078864090121,AVAXUSDT,P6_MOMENTUM_OR_BREAKOUT_TOP20,G1_SINGLE_BEST_PATH_SAFETY,adaptive_3x_8x_v1
2021-02-20 14:45:00+00:00,9215.730740048102,AVAXUSDT,P6_MOMENTUM_OR_BREAKOUT_TOP20,G1_SINGLE_BEST_PATH_SAFETY,adaptive_3x_8x_v1
2021-03-02 16:30:00+00:00,8202.60918176152,AVAXUSDT,P6_MOMENTUM_OR_BREAKOUT_TOP20,G1_SINGLE_BEST_PATH_SAFETY,adaptive_3x_8x_v1
2021-03-07 14:15:00+00:00,8816.2025390811,AVAXUSDT,P6_MOMENTUM_OR_BREAKOUT_TOP20,G1_SINGLE_BEST_PATH_SAFETY,adaptive_3x_8x_v1
2021-03-09 12:55:00+00:00,7786.606154854728,AVAXUSDT,P6_MOMENTUM_OR_BREAKOUT_TOP20,G1_SINGLE_BEST_PATH_SAFETY,adaptive_3x_8x_v1
2021-03-10 10:45:00+00:00,8058.713086630921,AVAXUSDT,P6_MOMENTUM_OR_BREAKOUT_TOP20,G1_SINGLE_BEST_PATH_SAFETY,adaptive_3x_8x_v1
2021-03-11 15:30:00+00:00,8119.037054066793,AVAXUSDT,P6_MOMENTUM_OR_BREAKOUT_TOP20,G1_SINGLE_BEST_PATH_SAFETY,adaptive_3x_8x_v1
2021-03-14 01:00:00+00:00,7205.224957160178,AVAXUSDT,P6_MOMENTUM_OR_BREAKOUT_TOP20,G1_SINGLE_BEST_PATH_SAFETY,adaptive_3x_8x_v1
2021-03-17 05:00:00+00:00,7318.351826179056,AVAXUSDT,P6_MOMENTUM_OR_BREAKOUT_TOP20,G1_SINGLE_BEST_PATH_SAFETY,adaptive_3x_8x_v1
2021-03-18 04:00:00+00:00,7194.536468544225,AVAXUSDT,P6_MOMENTUM_OR_BREAKOUT_TOP20,G1_SINGLE_BEST_PATH_SAFETY,adaptive_3x_8x_v1
2021-03-18 19:45:00+00:00,6818.766751392767,AVAXUSDT,P6_MOMENTUM_OR_BREAKOUT_TOP20,G1_SINGLE_BEST_PATH_SAFETY,adaptive_3x_8x_v1
2021-03-19 16:00:00+00:00,6813.7763103178,AVAXUSDT,P6_MOMENTUM_OR_BREAKOUT_TOP20,G1_SINGLE_BEST_PATH_SAFETY,adaptive_3x_8x_v1
2021-03-28 12:00:00+00:00,6731.66730805371,AVAXUSDT,P6_MOMENTUM_OR_BREAKOUT_TOP20,G1_SINGLE_BEST_PATH_SAFETY,adaptive_3x_8x_v1
2021-04-03 14:45:00+00:00,6956.755960925471,AVAXUSDT,P6_MOMENTUM_OR_BREAKOUT_TOP20,G1_SINGLE_BEST_PATH_SAFETY,adaptive_3x_8x_v1
2021-04-05 23:00:00+00:00,7105.442737618593,AVAXUSDT,P6_MOMENTUM_OR_BREAKOUT_TOP20,G1_SINGLE_BEST_PATH_SAFETY,adaptive_3x_8x_v1
2021-04-06 10:45:00+00:00,7149.881387830466,AVAXUSDT,P6_MOMENTUM_OR_BREAKOUT_TOP20,G1_SINGLE_BEST_PATH_SAFETY,adaptive_3x_8x_v1
2021-04-10 12:30:00+00:00,7318.356090173291,AVAXUSDT,P6_MOMENTUM_OR_BREAKOUT_TOP20,G1_SINGLE_BEST_PATH_SAFETY,adaptive_3x_8x_v1
2021-04-12 09:30:00+00:00,7074.987063467185,AVAXUSDT,P6_MOMENTUM_OR_BREAKOUT_TOP20,G1_SINGLE_BEST_PATH_SAFETY,adaptive_3x_8x_v1
2021-04-13 03:15:00+00:00,7125.9836066699345,AVAXUSDT,P6_MOMENTUM_OR_BREAKOUT_TOP20,G1_SINGLE_BEST_PATH_SAFETY,adaptive_3x_8x_v1
2021-04-14 09:15:00+00:00,6986.506660907431,AVAXUSDT,P6_MOMENTUM_OR_BREAKOUT_TOP20,G1_SINGLE_BEST_PATH_SAFETY,adaptive_3x_8x_v1
2021-04-15 08:15:00+00:00,7534.8692515761495,AVAXUSDT,P6_MOMENTUM_OR_BREAKOUT_TOP20,G1_SINGLE_BEST_PATH_SAFETY,adaptive_3x_8x_v1
2021-04-27 13:30:00+00:00,7649.050788913545,AVAXUSDT,P6_MOMENTUM_OR_BREAKOUT_TOP20,G1_SINGLE_BEST_PATH_SAFETY,adaptive_3x_8x_v1
2021-04-29 16:15:00+00:00,7504.536316233546,AVAXUSDT,P6_MOMENTUM_OR_BREAKOUT_TOP20,G1_SINGLE_BEST_PATH_SAFETY,adaptive_3x_8x_v1
2021-05-01 07:45:00+00:00,7994.751132691228,AVAXUSDT,P6_MOMENTUM_OR_BREAKOUT_TOP20,G1_SINGLE_BEST_PATH_SAFETY,adaptive_3x_8x_v1
2021-05-03 13:30:00+00:00,7699.722167560365,AVAXUSDT,P6_MOMENTUM_OR_BREAKOUT_TOP20,G1_SINGLE_BEST_PATH_SAFETY,adaptive_3x_8x_v1
2021-05-04 00:45:00+00:00,7349.221881894729,AVAXUSDT,P6_MOMENTUM_OR_BREAKOUT_TOP20,G1_SINGLE_BEST_PATH_SAFETY,adaptive_3x_8x_v1
2021-05-06 13:00:00+00:00,7673.47087750826,AVAXUSDT,P6_MOMENTUM_OR_BREAKOUT_TOP20,G1_SINGLE_BEST_PATH_SAFETY,adaptive_3x_8x_v1
2021-05-06 18:30:00+00:00,7248.399622110357,AVAXUSDT,P6_MOMENTUM_OR_BREAKOUT_TOP20,G1_SINGLE_BEST_PATH_SAFETY,adaptive_3x_8x_v1
2021-05-07 16:15:00+00:00,7443.584415262819,AVAXUSDT,P6_MOMENTUM_OR_BREAKOUT_TOP20,G1_SINGLE_BEST_PATH_SAFETY,adaptive_3x_8x_v1
2021-05-12 16:00:00+00:00,7231.44505219896,AVAXUSDT,P6_MOMENTUM_OR_BREAKOUT_TOP20,G1_SINGLE_BEST_PATH_SAFETY,adaptive_3x_8x_v1
2021-05-15 16:30:00+00:00,6913.955979261875,AVAXUSDT,P6_MOMENTUM_OR_BREAKOUT_TOP20,G1_SINGLE_BEST_PATH_SAFETY,adaptive_3x_8x_v1
2021-05-19 01:30:00+00:00,6548.0440108728735,AVAXUSDT,P6_MOMENTUM_OR_BREAKOUT_TOP20,G1_SINGLE_BEST_PATH_SAFETY,adaptive_3x_8x_v1
2021-06-01 08:00:00+00:00,6394.707016068074,AVAXUSDT,P6_MOMENTUM_OR_BREAKOUT_TOP20,G1_SINGLE_BEST_PATH_SAFETY,adaptive_3x_8x_v1
2021-06-02 22:15:00+00:00,6451.342671498317,AVAXUSDT,P6_MOMENTUM_OR_BREAKOUT_TOP20,G1_SINGLE_BEST_PATH_SAFETY,adaptive_3x_8x_v1
2021-06-03 13:30:00+00:00,6481.121159809077,AVAXUSDT,P6_MOMENTUM_OR_BREAKOUT_TOP20,G1_SINGLE_BEST_PATH_SAFETY,adaptive_3x_8x_v1
2021-06-14 19:00:00+00:00,6306.268308761729,AVAXUSDT,P6_MOMENTUM_OR_BREAKOUT_TOP20,G1_SINGLE_BEST_PATH_SAFETY,adaptive_3x_8x_v1
2021-06-28 10:15:00+00:00,6207.432806635997,AVAXUSDT,P6_MOMENTUM_OR_BREAKOUT_TOP20,G1_SINGLE_BEST_PATH_SAFETY,adaptive_3x_8x_v1
2021-06-29 20:45:00+00:00,6320.998004219737,AVAXUSDT,P6_MOMENTUM_OR_BREAKOUT_TOP20,G1_SINGLE_BEST_PATH_SAFETY,adaptive_3x_8x_v1
2021-07-05 01:15:00+00:00,6401.291572393913,AVAXUSDT,P6_MOMENTUM_OR_BREAKOUT_TOP20,G1_SINGLE_BEST_PATH_SAFETY,adaptive_3x_8x_v1
2021-07-06 17:00:00+00:00,6887.372344734533,AVAXUSDT,P6_MOMENTUM_OR_BREAKOUT_TOP20,G1_SINGLE_BEST_PATH_SAFETY,adaptive_3x_8x_v1
2021-07-12 10:00:00+00:00,6876.617049450556,AVAXUSDT,P6_MOMENTUM_OR_BREAKOUT_TOP20,G1_SINGLE_BEST_PATH_SAFETY,adaptive_3x_8x_v1
2021-07-24 19:45:00+00:00,6815.999517892989,AVAXUSDT,P6_MOMENTUM_OR_BREAKOUT_TOP20,G1_SINGLE_BEST_PATH_SAFETY,adaptive_3x_8x_v1
2021-07-26 13:00:00+00:00,7026.662539204723,AVAXUSDT,P6_MOMENTUM_OR_BREAKOUT_TOP20,G1_SINGLE_BEST_PATH_SAFETY,adaptive_3x_8x_v1
2021-08-01 10:45:00+00:00,6937.861084451346,AVAXUSDT,P6_MOMENTUM_OR_BREAKOUT_TOP20,G1_SINGLE_BEST_PATH_SAFETY,adaptive_3x_8x_v1
2021-08-07 16:00:00+00:00,7424.584258310503,AVAXUSDT,P6_MOMENTUM_OR_BREAKOUT_TOP20,G1_SINGLE_BEST_PATH_SAFETY,adaptive_3x_8x_v1
2021-08-14 09:45:00+00:00,7435.360528516404,AVAXUSDT,P6_MOMENTUM_OR_BREAKOUT_TOP20,G1_SINGLE_BEST_PATH_SAFETY,adaptive_3x_8x_v1
2021-08-16 23:00:00+00:00,7587.161423046338,AVAXUSDT,P6_MOMENTUM_OR_BREAKOUT_TOP20,G1_SINGLE_BEST_PATH_SAFETY,adaptive_3x_8x_v1
2021-08-17 15:45:00+00:00,8269.724323032391,AVAXUSDT,P6_MOMENTUM_OR_BREAKOUT_TOP20,G1_SINGLE_BEST_PATH_SAFETY,adaptive_3x_8x_v1
2021-08-19 11:45:00+00:00,12219.818414622265,AVAXUSDT,P6_MOMENTUM_OR_BREAKOUT_TOP20,G1_SINGLE_BEST_PATH_SAFETY,adaptive_3x_8x_v1
2021-08-21 22:30:00+00:00,21764.19483408985,AVAXUSDT,P6_MOMENTUM_OR_BREAKOUT_TOP20,G1_SINGLE_BEST_PATH_SAFETY,adaptive_3x_8x_v1
2021-08-23 08:30:00+00:00,26077.548053813243,AVAXUSDT,P6_MOMENTUM_OR_BREAKOUT_TOP20,G1_SINGLE_BEST_PATH_SAFETY,adaptive_3x_8x_v1
2021-08-24 16:00:00+00:00,24951.320534413528,AVAXUSDT,P6_MOMENTUM_OR_BREAKOUT_TOP20,G1_SINGLE_BEST_PATH_SAFETY,adaptive_3x_8x_v1
2021-08-29 03:45:00+00:00,23206.126233006253,AVAXUSDT,P6_MOMENTUM_OR_BREAKOUT_TOP20,G1_SINGLE_BEST_PATH_SAFETY,adaptive_3x_8x_v1
2021-09-03 10:45:00+00:00,26452.672483174727,AVAXUSDT,P6_MOMENTUM_OR_BREAKOUT_TOP20,G1_SINGLE_BEST_PATH_SAFETY,adaptive_3x_8x_v1
2021-09-06 02:00:00+00:00,25759.78992416914,AVAXUSDT,P6_MOMENTUM_OR_BREAKOUT_TOP20,G1_SINGLE_BEST_PATH_SAFETY,adaptive_3x_8x_v1
2021-09-11 05:30:00+00:00,24910.21404127667,AVAXUSDT,P6_MOMENTUM_OR_BREAKOUT_TOP20,G1_SINGLE_BEST_PATH_SAFETY,adaptive_3x_8x_v1
2021-09-12 20:30:00+00:00,25028.298850837047,AVAXUSDT,P6_MOMENTUM_OR_BREAKOUT_TOP20,G1_SINGLE_BEST_PATH_SAFETY,adaptive_3x_8x_v1
2021-09-16 20:30:00+00:00,30091.49636560612,AVAXUSDT,P6_MOMENTUM_OR_BREAKOUT_TOP20,G1_SINGLE_BEST_PATH_SAFETY,adaptive_3x_8x_v1
2021-09-19 22:00:00+00:00,28802.301815451512,AVAXUSDT,P6_MOMENTUM_OR_BREAKOUT_TOP20,G1_SINGLE_BEST_PATH_SAFETY,adaptive_3x_8x_v1
2021-10-01 22:30:00+00:00,27217.460361893212,AVAXUSDT,P6_MOMENTUM_OR_BREAKOUT_TOP20,G1_SINGLE_BEST_PATH_SAFETY,adaptive_3x_8x_v1
2021-10-02 22:45:00+00:00,30793.191997894945,AVAXUSDT,P6_MOMENTUM_OR_BREAKOUT_TOP20,G1_SINGLE_BEST_PATH_SAFETY,adaptive_3x_8x_v1
2021-10-14 15:07:00+00:00,28510.788989622146,AVAXUSDT,P6_MOMENTUM_OR_BREAKOUT_TOP20,G1_SINGLE_BEST_PATH_SAFETY,adaptive_3x_8x_v1
2021-10-16 19:30:00+00:00,30182.903398186427,AVAXUSDT,P6_MOMENTUM_OR_BREAKOUT_TOP20,G1_SINGLE_BEST_PATH_SAFETY,adaptive_3x_8x_v1
2021-10-21 14:15:00+00:00,30616.41316054842,AVAXUSDT,P6_MOMENTUM_OR_BREAKOUT_TOP20,G1_SINGLE_BEST_PATH_SAFETY,adaptive_3x_8x_v1
2021-10-22 19:30:00+00:00,30618.799372937483,AVAXUSDT,P6_MOMENTUM_OR_BREAKOUT_TOP20,G1_SINGLE_BEST_PATH_SAFETY,adaptive_3x_8x_v1
2021-10-26 11:30:00+00:00,43480.8204194671,AVAXUSDT,P6_MOMENTUM_OR_BREAKOUT_TOP20,G1_SINGLE_BEST_PATH_SAFETY,adaptive_3x_8x_v1
2021-11-02 14:45:00+00:00,53384.93986030562,AVAXUSDT,P6_MOMENTUM_OR_BREAKOUT_TOP20,G1_SINGLE_BEST_PATH_SAFETY,adaptive_3x_8x_v1
2021-11-03 12:30:00+00:00,58700.0702689989,AVAXUSDT,P6_MOMENTUM_OR_BREAKOUT_TOP20,G1_SINGLE_BEST_PATH_SAFETY,adaptive_3x_8x_v1
2021-11-04 07:45:00+00:00,70521.35342806959,AVAXUSDT,P6_MOMENTUM_OR_BREAKOUT_TOP20,G1_SINGLE_BEST_PATH_SAFETY,adaptive_3x_8x_v1
2021-11-07 10:30:00+00:00,79048.02381173767,AVAXUSDT,P6_MOMENTUM_OR_BREAKOUT_TOP20,G1_SINGLE_BEST_PATH_SAFETY,adaptive_3x_8x_v1
2021-11-08 00:00:00+00:00,78348.69797079338,AVAXUSDT,P6_MOMENTUM_OR_BREAKOUT_TOP20,G1_SINGLE_BEST_PATH_SAFETY,adaptive_3x_8x_v1
2021-11-08 17:15:00+00:00,86584.10851917884,AVAXUSDT,P6_MOMENTUM_OR_BREAKOUT_TOP20,G1_SINGLE_BEST_PATH_SAFETY,adaptive_3x_8x_v1
2021-11-10 11:45:00+00:00,84184.55255858999,AVAXUSDT,P6_MOMENTUM_OR_BREAKOUT_TOP20,G1_SINGLE_BEST_PATH_SAFETY,adaptive_3x_8x_v1
2021-11-14 01:30:00+00:00,103859.40319384003,AVAXUSDT,P6_MOMENTUM_OR_BREAKOUT_TOP20,G1_SINGLE_BEST_PATH_SAFETY,adaptive_3x_8x_v1
2021-11-15 07:15:00+00:00,100917.75055525565,AVAXUSDT,P6_MOMENTUM_OR_BREAKOUT_TOP20,G1_SINGLE_BEST_PATH_SAFETY,adaptive_3x_8x_v1
2021-11-17 02:45:00+00:00,91346.33064358243,AVAXUSDT,P6_MOMENTUM_OR_BREAKOUT_TOP20,G1_SINGLE_BEST_PATH_SAFETY,adaptive_3x_8x_v1
2021-11-20 10:45:00+00:00,90306.29565253668,AVAXUSDT,P6_MOMENTUM_OR_BREAKOUT_TOP20,G1_SINGLE_BEST_PATH_SAFETY,adaptive_3x_8x_v1
2021-11-21 00:15:00+00:00,93771.26653142895,AVAXUSDT,P6_MOMENTUM_OR_BREAKOUT_TOP20,G1_SINGLE_BEST_PATH_SAFETY,adaptive_3x_8x_v1
2021-11-21 15:45:00+00:00,99606.27390889474,AVAXUSDT,P6_MOMENTUM_OR_BREAKOUT_TOP20,G1_SINGLE_BEST_PATH_SAFETY,adaptive_3x_8x_v1
2021-11-30 05:45:00+00:00,91248.80206419171,AVAXUSDT,P6_MOMENTUM_OR_BREAKOUT_TOP20,G1_SINGLE_BEST_PATH_SAFETY,adaptive_3x_8x_v1
2021-12-01 11:15:00+00:00,88903.20023228826,AVAXUSDT,P6_MOMENTUM_OR_BREAKOUT_TOP20,G1_SINGLE_BEST_PATH_SAFETY,adaptive_3x_8x_v1
2021-12-13 06:15:00+00:00,83761.58112928836,AVAXUSDT,P6_MOMENTUM_OR_BREAKOUT_TOP20,G1_SINGLE_BEST_PATH_SAFETY,adaptive_3x_8x_v1
2021-12-15 12:15:00+00:00,87517.21806477844,AVAXUSDT,P6_MOMENTUM_OR_BREAKOUT_TOP20,G1_SINGLE_BEST_PATH_SAFETY,adaptive_3x_8x_v1
2021-12-16 05:45:00+00:00,109518.05047569211,AVAXUSDT,P6_MOMENTUM_OR_BREAKOUT_TOP20,G1_SINGLE_BEST_PATH_SAFETY,adaptive_3x_8x_v1
2021-12-18 00:00:00+00:00,113130.83206529009,AVAXUSDT,P6_MOMENTUM_OR_BREAKOUT_TOP20,G1_SINGLE_BEST_PATH_SAFETY,adaptive_3x_8x_v1
2021-12-22 08:30:00+00:00,107288.26669839246,AVAXUSDT,P6_MOMENTUM_OR_BREAKOUT_TOP20,G1_SINGLE_BEST_PATH_SAFETY,adaptive_3x_8x_v1
2022-01-02 14:00:00+00:00,118626.13255858359,AVAXUSDT,P6_MOMENTUM_OR_BREAKOUT_TOP20,G1_SINGLE_BEST_PATH_SAFETY,adaptive_3x_8x_v1
2022-01-12 18:45:00+00:00,136263.2976054296,AVAXUSDT,P6_MOMENTUM_OR_BREAKOUT_TOP20,G1_SINGLE_BEST_PATH_SAFETY,adaptive_3x_8x_v1
2022-01-26 18:00:00+00:00,120176.99327219755,AVAXUSDT,P6_MOMENTUM_OR_BREAKOUT_TOP20,G1_SINGLE_BEST_PATH_SAFETY,adaptive_3x_8x_v1
2022-01-30 00:30:00+00:00,116683.5094364479,AVAXUSDT,P6_MOMENTUM_OR_BREAKOUT_TOP20,G1_SINGLE_BEST_PATH_SAFETY,adaptive_3x_8x_v1
2022-02-02 06:30:00+00:00,120614.53996839907,AVAXUSDT,P6_MOMENTUM_OR_BREAKOUT_TOP20,G1_SINGLE_BEST_PATH_SAFETY,adaptive_3x_8x_v1
2022-02-05 16:30:00+00:00,144048.31389323555,AVAXUSDT,P6_MOMENTUM_OR_BREAKOUT_TOP20,G1_SINGLE_BEST_PATH_SAFETY,adaptive_3x_8x_v1
2022-02-08 00:00:00+00:00,215640.78070798956,AVAXUSDT,P6_MOMENTUM_OR_BREAKOUT_TOP20,G1_SINGLE_BEST_PATH_SAFETY,adaptive_3x_8x_v1
2022-02-08 04:05:00+00:00,196414.0201098361,AVAXUSDT,P6_MOMENTUM_OR_BREAKOUT_TOP20,G1_SINGLE_BEST_PATH_SAFETY,adaptive_3x_8x_v1
2022-02-11 00:15:00+00:00,175078.91137102872,AVAXUSDT,P6_MOMENTUM_OR_BREAKOUT_TOP20,G1_SINGLE_BEST_PATH_SAFETY,adaptive_3x_8x_v1
2022-02-16 13:30:00+00:00,218345.61014424005,AVAXUSDT,P6_MOMENTUM_OR_BREAKOUT_TOP20,G1_SINGLE_BEST_PATH_SAFETY,adaptive_3x_8x_v1
2022-03-01 09:30:00+00:00,208116.3663017428,AVAXUSDT,P6_MOMENTUM_OR_BREAKOUT_TOP20,G1_SINGLE_BEST_PATH_SAFETY,adaptive_3x_8x_v1
2022-03-09 12:30:00+00:00,205800.72501286404,AVAXUSDT,P6_MOMENTUM_OR_BREAKOUT_TOP20,G1_SINGLE_BEST_PATH_SAFETY,adaptive_3x_8x_v1
2022-03-16 00:15:00+00:00,195084.42519329197,AVAXUSDT,P6_MOMENTUM_OR_BREAKOUT_TOP20,G1_SINGLE_BEST_PATH_SAFETY,adaptive_3x_8x_v1
2022-03-17 20:15:00+00:00,239190.65406922874,AVAXUSDT,P6_MOMENTUM_OR_BREAKOUT_TOP20,G1_SINGLE_BEST_PATH_SAFETY,adaptive_3x_8x_v1
2022-03-19 07:00:00+00:00,284930.8380624759,AVAXUSDT,P6_MOMENTUM_OR_BREAKOUT_TOP20,G1_SINGLE_BEST_PATH_SAFETY,adaptive_3x_8x_v1
2022-03-19 22:00:00+00:00,282688.35315651115,AVAXUSDT,P6_MOMENTUM_OR_BREAKOUT_TOP20,G1_SINGLE_BEST_PATH_SAFETY,adaptive_3x_8x_v1
2022-03-28 21:30:00+00:00,450874.7453737375,AVAXUSDT,P6_MOMENTUM_OR_BREAKOUT_TOP20,G1_SINGLE_BEST_PATH_SAFETY,adaptive_3x_8x_v1
2022-03-31 13:30:00+00:00,509997.925456657,AVAXUSDT,P6_MOMENTUM_OR_BREAKOUT_TOP20,G1_SINGLE_BEST_PATH_SAFETY,adaptive_3x_8x_v1
2022-04-14 07:00:00+00:00,523008.2771137544,AVAXUSDT,P6_MOMENTUM_OR_BREAKOUT_TOP20,G1_SINGLE_BEST_PATH_SAFETY,adaptive_3x_8x_v1
2022-04-17 18:00:00+00:00,482212.8830950683,AVAXUSDT,P6_MOMENTUM_OR_BREAKOUT_TOP20,G1_SINGLE_BEST_PATH_SAFETY,adaptive_3x_8x_v1
2022-05-05 08:15:00+00:00,574524.5046705502,AVAXUSDT,P6_MOMENTUM_OR_BREAKOUT_TOP20,G1_SINGLE_BEST_PATH_SAFETY,adaptive_3x_8x_v1
2022-05-22 19:15:00+00:00,598726.6079566273,AVAXUSDT,P6_MOMENTUM_OR_BREAKOUT_TOP20,G1_SINGLE_BEST_PATH_SAFETY,adaptive_3x_8x_v1
2022-05-29 19:15:00+00:00,573918.7251622411,AVAXUSDT,P6_MOMENTUM_OR_BREAKOUT_TOP20,G1_SINGLE_BEST_PATH_SAFETY,adaptive_3x_8x_v1
2022-05-30 10:45:00+00:00,568902.7698094631,AVAXUSDT,P6_MOMENTUM_OR_BREAKOUT_TOP20,G1_SINGLE_BEST_PATH_SAFETY,adaptive_3x_8x_v1
2022-05-31 04:45:00+00:00,536619.0702313358,AVAXUSDT,P6_MOMENTUM_OR_BREAKOUT_TOP20,G1_SINGLE_BEST_PATH_SAFETY,adaptive_3x_8x_v1
2022-06-05 12:30:00+00:00,528974.5232992158,AVAXUSDT,P6_MOMENTUM_OR_BREAKOUT_TOP20,G1_SINGLE_BEST_PATH_SAFETY,adaptive_3x_8x_v1
2022-06-06 14:45:00+00:00,575937.6551941037,AVAXUSDT,P6_MOMENTUM_OR_BREAKOUT_TOP20,G1_SINGLE_BEST_PATH_SAFETY,adaptive_3x_8x_v1
2022-06-16 05:45:00+00:00,561957.739122689,AVAXUSDT,P6_MOMENTUM_OR_BREAKOUT_TOP20,G1_SINGLE_BEST_PATH_SAFETY,adaptive_3x_8x_v1
2022-06-20 18:00:00+00:00,596986.0027472312,AVAXUSDT,P6_MOMENTUM_OR_BREAKOUT_TOP20,G1_SINGLE_BEST_PATH_SAFETY,adaptive_3x_8x_v1
2022-06-23 15:15:00+00:00,572858.6288700484,AVAXUSDT,P6_MOMENTUM_OR_BREAKOUT_TOP20,G1_SINGLE_BEST_PATH_SAFETY,adaptive_3x_8x_v1
2022-06-25 11:30:00+00:00,714572.4049403372,AVAXUSDT,P6_MOMENTUM_OR_BREAKOUT_TOP20,G1_SINGLE_BEST_PATH_SAFETY,adaptive_3x_8x_v1
2022-07-05 08:15:00+00:00,801980.2321915618,AVAXUSDT,P6_MOMENTUM_OR_BREAKOUT_TOP20,G1_SINGLE_BEST_PATH_SAFETY,adaptive_3x_8x_v1
2022-07-08 06:00:00+00:00,763245.6045840394,AVAXUSDT,P6_MOMENTUM_OR_BREAKOUT_TOP20,G1_SINGLE_BEST_PATH_SAFETY,adaptive_3x_8x_v1
2022-07-15 15:30:00+00:00,814879.1228724138,AVAXUSDT,P6_MOMENTUM_OR_BREAKOUT_TOP20,G1_SINGLE_BEST_PATH_SAFETY,adaptive_3x_8x_v1
2022-07-17 16:15:00+00:00,899679.9597434415,AVAXUSDT,P6_MOMENTUM_OR_BREAKOUT_TOP20,G1_SINGLE_BEST_PATH_SAFETY,adaptive_3x_8x_v1
2022-07-19 22:30:00+00:00,857385.1857478074,AVAXUSDT,P6_MOMENTUM_OR_BREAKOUT_TOP20,G1_SINGLE_BEST_PATH_SAFETY,adaptive_3x_8x_v1
2022-07-28 04:30:00+00:00,901351.0916842151,AVAXUSDT,P6_MOMENTUM_OR_BREAKOUT_TOP20,G1_SINGLE_BEST_PATH_SAFETY,adaptive_3x_8x_v1
2022-07-29 11:15:00+00:00,920931.6336072227,AVAXUSDT,P6_MOMENTUM_OR_BREAKOUT_TOP20,G1_SINGLE_BEST_PATH_SAFETY,adaptive_3x_8x_v1
2022-08-06 23:15:00+00:00,966317.4892502141,AVAXUSDT,P6_MOMENTUM_OR_BREAKOUT_TOP20,G1_SINGLE_BEST_PATH_SAFETY,adaptive_3x_8x_v1
2022-08-07 23:00:00+00:00,1071945.094084957,AVAXUSDT,P6_MOMENTUM_OR_BREAKOUT_TOP20,G1_SINGLE_BEST_PATH_SAFETY,adaptive_3x_8x_v1
2022-08-08 14:45:00+00:00,1070751.5894571026,AVAXUSDT,P6_MOMENTUM_OR_BREAKOUT_TOP20,G1_SINGLE_BEST_PATH_SAFETY,adaptive_3x_8x_v1
2022-08-10 18:00:00+00:00,1058540.5131907251,AVAXUSDT,P6_MOMENTUM_OR_BREAKOUT_TOP20,G1_SINGLE_BEST_PATH_SAFETY,adaptive_3x_8x_v1
2022-08-13 07:45:00+00:00,1072525.826930415,AVAXUSDT,P6_MOMENTUM_OR_BREAKOUT_TOP20,G1_SINGLE_BEST_PATH_SAFETY,adaptive_3x_8x_v1
2022-08-24 00:30:00+00:00,1044557.2829813351,AVAXUSDT,P6_MOMENTUM_OR_BREAKOUT_TOP20,G1_SINGLE_BEST_PATH_SAFETY,adaptive_3x_8x_v1
2022-09-06 14:00:00+00:00,1015804.5239786343,AVAXUSDT,P6_MOMENTUM_OR_BREAKOUT_TOP20,G1_SINGLE_BEST_PATH_SAFETY,adaptive_3x_8x_v1
2022-09-10 07:45:00+00:00,918438.6673707829,AVAXUSDT,P6_MOMENTUM_OR_BREAKOUT_TOP20,G1_SINGLE_BEST_PATH_SAFETY,adaptive_3x_8x_v1
2022-10-10 08:00:00+00:00,892075.6013473532,AVAXUSDT,P6_MOMENTUM_OR_BREAKOUT_TOP20,G1_SINGLE_BEST_PATH_SAFETY,adaptive_3x_8x_v1
2022-10-24 04:00:00+00:00,903048.4097764635,AVAXUSDT,P6_MOMENTUM_OR_BREAKOUT_TOP20,G1_SINGLE_BEST_PATH_SAFETY,adaptive_3x_8x_v1
2022-10-29 22:45:00+00:00,934847.0415553959,AVAXUSDT,P6_MOMENTUM_OR_BREAKOUT_TOP20,G1_SINGLE_BEST_PATH_SAFETY,adaptive_3x_8x_v1
2022-10-31 18:15:00+00:00,916570.247828221,AVAXUSDT,P6_MOMENTUM_OR_BREAKOUT_TOP20,G1_SINGLE_BEST_PATH_SAFETY,adaptive_3x_8x_v1
2022-11-05 08:00:00+00:00,919029.4216525448,AVAXUSDT,P6_MOMENTUM_OR_BREAKOUT_TOP20,G1_SINGLE_BEST_PATH_SAFETY,adaptive_3x_8x_v1
2022-11-05 23:00:00+00:00,874252.0702510312,AVAXUSDT,P6_MOMENTUM_OR_BREAKOUT_TOP20,G1_SINGLE_BEST_PATH_SAFETY,adaptive_3x_8x_v1
2022-11-16 00:15:00+00:00,836439.611152843,AVAXUSDT,P6_MOMENTUM_OR_BREAKOUT_TOP20,G1_SINGLE_BEST_PATH_SAFETY,adaptive_3x_8x_v1
2022-11-23 12:45:00+00:00,842672.5542139452,AVAXUSDT,P6_MOMENTUM_OR_BREAKOUT_TOP20,G1_SINGLE_BEST_PATH_SAFETY,adaptive_3x_8x_v1
2022-11-24 07:45:00+00:00,841171.9032901662,AVAXUSDT,P6_MOMENTUM_OR_BREAKOUT_TOP20,G1_SINGLE_BEST_PATH_SAFETY,adaptive_3x_8x_v1
2022-11-26 06:00:00+00:00,836495.4684582431,AVAXUSDT,P6_MOMENTUM_OR_BREAKOUT_TOP20,G1_SINGLE_BEST_PATH_SAFETY,adaptive_3x_8x_v1
2022-12-10 22:30:00+00:00,834766.2061747158,AVAXUSDT,P6_MOMENTUM_OR_BREAKOUT_TOP20,G1_SINGLE_BEST_PATH_SAFETY,adaptive_3x_8x_v1
2023-01-05 07:15:00+00:00,820216.7441111754,AVAXUSDT,P6_MOMENTUM_OR_BREAKOUT_TOP20,G1_SINGLE_BEST_PATH_SAFETY,adaptive_3x_8x_v1
2023-01-09 08:30:00+00:00,843754.6416475504,AVAXUSDT,P6_MOMENTUM_OR_BREAKOUT_TOP20,G1_SINGLE_BEST_PATH_SAFETY,adaptive_3x_8x_v1
2023-01-11 01:15:00+00:00,833489.9039301191,AVAXUSDT,P6_MOMENTUM_OR_BREAKOUT_TOP20,G1_SINGLE_BEST_PATH_SAFETY,adaptive_3x_8x_v1
2023-01-12 06:30:00+00:00,1033315.614325114,AVAXUSDT,P6_MOMENTUM_OR_BREAKOUT_TOP20,G1_SINGLE_BEST_PATH_SAFETY,adaptive_3x_8x_v1
2023-01-15 00:30:00+00:00,1150332.961393626,AVAXUSDT,P6_MOMENTUM_OR_BREAKOUT_TOP20,G1_SINGLE_BEST_PATH_SAFETY,adaptive_3x_8x_v1
2023-01-17 22:30:00+00:00,1161577.5634907382,AVAXUSDT,P6_MOMENTUM_OR_BREAKOUT_TOP20,G1_SINGLE_BEST_PATH_SAFETY,adaptive_3x_8x_v1
2023-01-21 10:15:00+00:00,1230335.1279896738,AVAXUSDT,P6_MOMENTUM_OR_BREAKOUT_TOP20,G1_SINGLE_BEST_PATH_SAFETY,adaptive_3x_8x_v1
2023-01-22 20:00:00+00:00,1240763.2822095964,AVAXUSDT,P6_MOMENTUM_OR_BREAKOUT_TOP20,G1_SINGLE_BEST_PATH_SAFETY,adaptive_3x_8x_v1
2023-01-24 09:00:00+00:00,1403253.2479218158,AVAXUSDT,P6_MOMENTUM_OR_BREAKOUT_TOP20,G1_SINGLE_BEST_PATH_SAFETY,adaptive_3x_8x_v1
2023-01-28 07:15:00+00:00,2660801.3195991153,AVAXUSDT,P6_MOMENTUM_OR_BREAKOUT_TOP20,G1_SINGLE_BEST_PATH_SAFETY,adaptive_3x_8x_v1
2023-02-02 07:30:00+00:00,2901465.31031556,AVAXUSDT,P6_MOMENTUM_OR_BREAKOUT_TOP20,G1_SINGLE_BEST_PATH_SAFETY,adaptive_3x_8x_v1
2023-02-04 05:00:00+00:00,2803965.1281494456,AVAXUSDT,P6_MOMENTUM_OR_BREAKOUT_TOP20,G1_SINGLE_BEST_PATH_SAFETY,adaptive_3x_8x_v1
2023-02-16 07:00:00+00:00,3965765.702504614,AVAXUSDT,P6_MOMENTUM_OR_BREAKOUT_TOP20,G1_SINGLE_BEST_PATH_SAFETY,adaptive_3x_8x_v1
2023-02-16 20:15:00+00:00,3604960.2054865146,AVAXUSDT,P6_MOMENTUM_OR_BREAKOUT_TOP20,G1_SINGLE_BEST_PATH_SAFETY,adaptive_3x_8x_v1
2023-02-22 02:00:00+00:00,3320999.3558276207,AVAXUSDT,P6_MOMENTUM_OR_BREAKOUT_TOP20,G1_SINGLE_BEST_PATH_SAFETY,adaptive_3x_8x_v1
2023-03-13 08:30:00+00:00,3707922.5705186347,AVAXUSDT,P6_MOMENTUM_OR_BREAKOUT_TOP20,G1_SINGLE_BEST_PATH_SAFETY,adaptive_3x_8x_v1
2023-03-14 19:00:00+00:00,4123353.1998033593,AVAXUSDT,P6_MOMENTUM_OR_BREAKOUT_TOP20,G1_SINGLE_BEST_PATH_SAFETY,adaptive_3x_8x_v1
2023-03-30 00:45:00+00:00,4387877.524103677,AVAXUSDT,P6_MOMENTUM_OR_BREAKOUT_TOP20,G1_SINGLE_BEST_PATH_SAFETY,adaptive_3x_8x_v1
2023-04-05 14:00:00+00:00,4928112.115631831,AVAXUSDT,P6_MOMENTUM_OR_BREAKOUT_TOP20,G1_SINGLE_BEST_PATH_SAFETY,adaptive_3x_8x_v1
2023-04-11 19:30:00+00:00,5153970.1051375745,AVAXUSDT,P6_MOMENTUM_OR_BREAKOUT_TOP20,G1_SINGLE_BEST_PATH_SAFETY,adaptive_3x_8x_v1
2023-04-14 07:45:00+00:00,5226757.701442952,AVAXUSDT,P6_MOMENTUM_OR_BREAKOUT_TOP20,G1_SINGLE_BEST_PATH_SAFETY,adaptive_3x_8x_v1
2023-04-17 08:00:00+00:00,5424923.14158303,AVAXUSDT,P6_MOMENTUM_OR_BREAKOUT_TOP20,G1_SINGLE_BEST_PATH_SAFETY,adaptive_3x_8x_v1
2023-04-26 02:30:00+00:00,5272179.9875318855,AVAXUSDT,P6_MOMENTUM_OR_BREAKOUT_TOP20,G1_SINGLE_BEST_PATH_SAFETY,adaptive_3x_8x_v1
2023-05-28 08:15:00+00:00,4324608.31413018,AVAXUSDT,P6_MOMENTUM_OR_BREAKOUT_TOP20,G1_SINGLE_BEST_PATH_SAFETY,adaptive_3x_8x_v1
2023-06-17 14:15:00+00:00,4360376.898932141,AVAXUSDT,P6_MOMENTUM_OR_BREAKOUT_TOP20,G1_SINGLE_BEST_PATH_SAFETY,adaptive_3x_8x_v1
2023-06-21 10:45:00+00:00,4478798.584199835,AVAXUSDT,P6_MOMENTUM_OR_BREAKOUT_TOP20,G1_SINGLE_BEST_PATH_SAFETY,adaptive_3x_8x_v1
2023-06-22 05:45:00+00:00,4783083.514339172,AVAXUSDT,P6_MOMENTUM_OR_BREAKOUT_TOP20,G1_SINGLE_BEST_PATH_SAFETY,adaptive_3x_8x_v1
2023-06-24 07:30:00+00:00,4893320.761005265,AVAXUSDT,P6_MOMENTUM_OR_BREAKOUT_TOP20,G1_SINGLE_BEST_PATH_SAFETY,adaptive_3x_8x_v1
2023-06-25 13:15:00+00:00,5190327.1093287,AVAXUSDT,P6_MOMENTUM_OR_BREAKOUT_TOP20,G1_SINGLE_BEST_PATH_SAFETY,adaptive_3x_8x_v1
2023-07-08 19:15:00+00:00,6980670.596116168,AVAXUSDT,P6_MOMENTUM_OR_BREAKOUT_TOP20,G1_SINGLE_BEST_PATH_SAFETY,adaptive_3x_8x_v1
2023-07-14 18:15:00+00:00,8403973.682366323,AVAXUSDT,P6_MOMENTUM_OR_BREAKOUT_TOP20,G1_SINGLE_BEST_PATH_SAFETY,adaptive_3x_8x_v1
2023-08-09 14:59:00+00:00,7803015.367779078,AVAXUSDT,P6_MOMENTUM_OR_BREAKOUT_TOP20,G1_SINGLE_BEST_PATH_SAFETY,adaptive_3x_8x_v1
2023-08-28 00:15:00+00:00,7703518.485998491,AVAXUSDT,P6_MOMENTUM_OR_BREAKOUT_TOP20,G1_SINGLE_BEST_PATH_SAFETY,adaptive_3x_8x_v1
2023-08-29 03:12:00+00:00,7421042.1459781695,AVAXUSDT,P6_MOMENTUM_OR_BREAKOUT_TOP20,G1_SINGLE_BEST_PATH_SAFETY,adaptive_3x_8x_v1
2023-08-29 20:45:00+00:00,7841438.732036795,AVAXUSDT,P6_MOMENTUM_OR_BREAKOUT_TOP20,G1_SINGLE_BEST_PATH_SAFETY,adaptive_3x_8x_v1
2023-09-08 02:30:00+00:00,7848462.636242485,AVAXUSDT,P6_MOMENTUM_OR_BREAKOUT_TOP20,G1_SINGLE_BEST_PATH_SAFETY,adaptive_3x_8x_v1
2023-10-01 16:15:00+00:00,8218763.434540483,AVAXUSDT,P6_MOMENTUM_OR_BREAKOUT_TOP20,G1_SINGLE_BEST_PATH_SAFETY,adaptive_3x_8x_v1
2023-10-02 05:30:00+00:00,8509689.554675313,AVAXUSDT,P6_MOMENTUM_OR_BREAKOUT_TOP20,G1_SINGLE_BEST_PATH_SAFETY,adaptive_3x_8x_v1
2023-10-05 04:00:00+00:00,9050615.649492422,AVAXUSDT,P6_MOMENTUM_OR_BREAKOUT_TOP20,G1_SINGLE_BEST_PATH_SAFETY,adaptive_3x_8x_v1
2023-10-07 09:45:00+00:00,11828710.674424812,AVAXUSDT,P6_MOMENTUM_OR_BREAKOUT_TOP20,G1_SINGLE_BEST_PATH_SAFETY,adaptive_3x_8x_v1
2023-10-16 13:45:00+00:00,11635933.692761032,AVAXUSDT,P6_MOMENTUM_OR_BREAKOUT_TOP20,G1_SINGLE_BEST_PATH_SAFETY,adaptive_3x_8x_v1
2023-10-22 02:15:00+00:00,11214363.518049153,AVAXUSDT,P6_MOMENTUM_OR_BREAKOUT_TOP20,G1_SINGLE_BEST_PATH_SAFETY,adaptive_3x_8x_v1
2023-10-22 11:30:00+00:00,10770014.610663792,AVAXUSDT,P6_MOMENTUM_OR_BREAKOUT_TOP20,G1_SINGLE_BEST_PATH_SAFETY,adaptive_3x_8x_v1
2023-10-24 05:45:00+00:00,11176264.9122151,AVAXUSDT,P6_MOMENTUM_OR_BREAKOUT_TOP20,G1_SINGLE_BEST_PATH_SAFETY,adaptive_3x_8x_v1
2023-10-26 11:30:00+00:00,11307029.288132263,AVAXUSDT,P6_MOMENTUM_OR_BREAKOUT_TOP20,G1_SINGLE_BEST_PATH_SAFETY,adaptive_3x_8x_v1
2023-10-30 03:45:00+00:00,11699485.28394208,AVAXUSDT,P6_MOMENTUM_OR_BREAKOUT_TOP20,G1_SINGLE_BEST_PATH_SAFETY,adaptive_3x_8x_v1
2023-11-02 05:00:00+00:00,11370519.975708937,AVAXUSDT,P6_MOMENTUM_OR_BREAKOUT_TOP20,G1_SINGLE_BEST_PATH_SAFETY,adaptive_3x_8x_v1
2023-11-06 17:30:00+00:00,11515018.920362366,AVAXUSDT,P6_MOMENTUM_OR_BREAKOUT_TOP20,G1_SINGLE_BEST_PATH_SAFETY,adaptive_3x_8x_v1
2023-11-09 16:00:00+00:00,9253873.29277437,AVAXUSDT,P6_MOMENTUM_OR_BREAKOUT_TOP20,G1_SINGLE_BEST_PATH_SAFETY,adaptive_3x_8x_v1
2023-11-11 03:45:00+00:00,9651909.408804504,AVAXUSDT,P6_MOMENTUM_OR_BREAKOUT_TOP20,G1_SINGLE_BEST_PATH_SAFETY,adaptive_3x_8x_v1
2023-11-13 03:30:00+00:00,14163184.735271264,AVAXUSDT,P6_MOMENTUM_OR_BREAKOUT_TOP20,G1_SINGLE_BEST_PATH_SAFETY,adaptive_3x_8x_v1
2023-11-16 12:15:00+00:00,19038621.226337254,AVAXUSDT,P6_MOMENTUM_OR_BREAKOUT_TOP20,G1_SINGLE_BEST_PATH_SAFETY,adaptive_3x_8x_v1
2023-11-17 07:00:00+00:00,18543762.162254967,AVAXUSDT,P6_MOMENTUM_OR_BREAKOUT_TOP20,G1_SINGLE_BEST_PATH_SAFETY,adaptive_3x_8x_v1
2023-11-20 05:15:00+00:00,18806744.71764578,AVAXUSDT,P6_MOMENTUM_OR_BREAKOUT_TOP20,G1_SINGLE_BEST_PATH_SAFETY,adaptive_3x_8x_v1
2023-11-24 18:30:00+00:00,17114988.47436301,AVAXUSDT,P6_MOMENTUM_OR_BREAKOUT_TOP20,G1_SINGLE_BEST_PATH_SAFETY,adaptive_3x_8x_v1
2023-11-29 15:00:00+00:00,16603259.446857598,AVAXUSDT,P6_MOMENTUM_OR_BREAKOUT_TOP20,G1_SINGLE_BEST_PATH_SAFETY,adaptive_3x_8x_v1
2023-12-01 16:00:00+00:00,18010387.331443142,AVAXUSDT,P6_MOMENTUM_OR_BREAKOUT_TOP20,G1_SINGLE_BEST_PATH_SAFETY,adaptive_3x_8x_v1
2023-12-02 14:45:00+00:00,17733184.648926564,AVAXUSDT,P6_MOMENTUM_OR_BREAKOUT_TOP20,G1_SINGLE_BEST_PATH_SAFETY,adaptive_3x_8x_v1
2023-12-03 05:45:00+00:00,17079875.614865586,AVAXUSDT,P6_MOMENTUM_OR_BREAKOUT_TOP20,G1_SINGLE_BEST_PATH_SAFETY,adaptive_3x_8x_v1
2023-12-04 11:00:00+00:00,15501699.882848227,AVAXUSDT,P6_MOMENTUM_OR_BREAKOUT_TOP20,G1_SINGLE_BEST_PATH_SAFETY,adaptive_3x_8x_v1
2023-12-06 22:45:00+00:00,20502265.84412354,AVAXUSDT,P6_MOMENTUM_OR_BREAKOUT_TOP20,G1_SINGLE_BEST_PATH_SAFETY,adaptive_3x_8x_v1
2023-12-07 14:19:00+00:00,18623157.123158317,AVAXUSDT,P6_MOMENTUM_OR_BREAKOUT_TOP20,G1_SINGLE_BEST_PATH_SAFETY,adaptive_3x_8x_v1
2023-12-09 16:15:00+00:00,28093967.70718932,AVAXUSDT,P6_MOMENTUM_OR_BREAKOUT_TOP20,G1_SINGLE_BEST_PATH_SAFETY,adaptive_3x_8x_v1
2023-12-11 02:00:00+00:00,27874346.6367588,AVAXUSDT,P6_MOMENTUM_OR_BREAKOUT_TOP20,G1_SINGLE_BEST_PATH_SAFETY,adaptive_3x_8x_v1
2023-12-12 09:00:00+00:00,32734812.66297805,AVAXUSDT,P6_MOMENTUM_OR_BREAKOUT_TOP20,G1_SINGLE_BEST_PATH_SAFETY,adaptive_3x_8x_v1
2023-12-15 16:45:00+00:00,31280687.835807964,AVAXUSDT,P6_MOMENTUM_OR_BREAKOUT_TOP20,G1_SINGLE_BEST_PATH_SAFETY,adaptive_3x_8x_v1
2023-12-21 14:15:00+00:00,35707181.545869656,AVAXUSDT,P6_MOMENTUM_OR_BREAKOUT_TOP20,G1_SINGLE_BEST_PATH_SAFETY,adaptive_3x_8x_v1
2023-12-22 06:30:00+00:00,35088112.42344809,AVAXUSDT,P6_MOMENTUM_OR_BREAKOUT_TOP20,G1_SINGLE_BEST_PATH_SAFETY,adaptive_3x_8x_v1
2023-12-24 22:00:00+00:00,39092873.01488446,AVAXUSDT,P6_MOMENTUM_OR_BREAKOUT_TOP20,G1_SINGLE_BEST_PATH_SAFETY,adaptive_3x_8x_v1
2024-01-02 11:30:00+00:00,41456814.20381141,AVAXUSDT,P6_MOMENTUM_OR_BREAKOUT_TOP20,G1_SINGLE_BEST_PATH_SAFETY,adaptive_3x_8x_v1
2024-01-09 09:45:00+00:00,42488989.80583978,AVAXUSDT,P6_MOMENTUM_OR_BREAKOUT_TOP20,G1_SINGLE_BEST_PATH_SAFETY,adaptive_3x_8x_v1
2024-01-11 06:00:00+00:00,44967507.36315202,AVAXUSDT,P6_MOMENTUM_OR_BREAKOUT_TOP20,G1_SINGLE_BEST_PATH_SAFETY,adaptive_3x_8x_v1
2024-01-14 19:30:00+00:00,35825034.58261308,AVAXUSDT,P6_MOMENTUM_OR_BREAKOUT_TOP20,G1_SINGLE_BEST_PATH_SAFETY,adaptive_3x_8x_v1
2024-01-27 06:30:00+00:00,37105746.394101776,AVAXUSDT,P6_MOMENTUM_OR_BREAKOUT_TOP20,G1_SINGLE_BEST_PATH_SAFETY,adaptive_3x_8x_v1
2024-01-28 17:30:00+00:00,40035074.26380041,AVAXUSDT,P6_MOMENTUM_OR_BREAKOUT_TOP20,G1_SINGLE_BEST_PATH_SAFETY,adaptive_3x_8x_v1
2024-02-03 03:45:00+00:00,39441879.85751393,AVAXUSDT,P6_MOMENTUM_OR_BREAKOUT_TOP20,G1_SINGLE_BEST_PATH_SAFETY,adaptive_3x_8x_v1
2024-02-10 08:45:00+00:00,46254613.20411894,AVAXUSDT,P6_MOMENTUM_OR_BREAKOUT_TOP20,G1_SINGLE_BEST_PATH_SAFETY,adaptive_3x_8x_v1
2024-02-11 13:15:00+00:00,46012117.24795002,AVAXUSDT,P6_MOMENTUM_OR_BREAKOUT_TOP20,G1_SINGLE_BEST_PATH_SAFETY,adaptive_3x_8x_v1
2024-02-13 03:45:00+00:00,46801277.96589722,AVAXUSDT,P6_MOMENTUM_OR_BREAKOUT_TOP20,G1_SINGLE_BEST_PATH_SAFETY,adaptive_3x_8x_v1
2024-02-15 05:30:00+00:00,46937362.09850086,AVAXUSDT,P6_MOMENTUM_OR_BREAKOUT_TOP20,G1_SINGLE_BEST_PATH_SAFETY,adaptive_3x_8x_v1
2024-02-15 15:30:00+00:00,45502460.31417427,AVAXUSDT,P6_MOMENTUM_OR_BREAKOUT_TOP20,G1_SINGLE_BEST_PATH_SAFETY,adaptive_3x_8x_v1
2024-02-28 17:30:00+00:00,40818355.208978534,AVAXUSDT,P6_MOMENTUM_OR_BREAKOUT_TOP20,G1_SINGLE_BEST_PATH_SAFETY,adaptive_3x_8x_v1
2024-03-05 16:00:00+00:00,39706306.02496841,AVAXUSDT,P6_MOMENTUM_OR_BREAKOUT_TOP20,G1_SINGLE_BEST_PATH_SAFETY,adaptive_3x_8x_v1
2024-03-07 05:30:00+00:00,38056926.31084924,AVAXUSDT,P6_MOMENTUM_OR_BREAKOUT_TOP20,G1_SINGLE_BEST_PATH_SAFETY,adaptive_3x_8x_v1
2024-03-12 06:30:00+00:00,42267521.832580596,AVAXUSDT,P6_MOMENTUM_OR_BREAKOUT_TOP20,G1_SINGLE_BEST_PATH_SAFETY,adaptive_3x_8x_v1
2024-03-13 01:15:00+00:00,50720087.1721844,AVAXUSDT,P6_MOMENTUM_OR_BREAKOUT_TOP20,G1_SINGLE_BEST_PATH_SAFETY,adaptive_3x_8x_v1
2024-03-14 13:15:00+00:00,50883222.865455866,AVAXUSDT,P6_MOMENTUM_OR_BREAKOUT_TOP20,G1_SINGLE_BEST_PATH_SAFETY,adaptive_3x_8x_v1
2024-03-18 22:30:00+00:00,55282871.412681654,AVAXUSDT,P6_MOMENTUM_OR_BREAKOUT_TOP20,G1_SINGLE_BEST_PATH_SAFETY,adaptive_3x_8x_v1
2024-03-26 10:15:00+00:00,68201378.75775963,AVAXUSDT,P6_MOMENTUM_OR_BREAKOUT_TOP20,G1_SINGLE_BEST_PATH_SAFETY,adaptive_3x_8x_v1
2024-04-08 14:15:00+00:00,78912357.45838678,AVAXUSDT,P6_MOMENTUM_OR_BREAKOUT_TOP20,G1_SINGLE_BEST_PATH_SAFETY,adaptive_3x_8x_v1
2024-04-21 07:15:00+00:00,110978911.90661933,AVAXUSDT,P6_MOMENTUM_OR_BREAKOUT_TOP20,G1_SINGLE_BEST_PATH_SAFETY,adaptive_3x_8x_v1
2024-04-22 15:00:00+00:00,94447219.19516626,AVAXUSDT,P6_MOMENTUM_OR_BREAKOUT_TOP20,G1_SINGLE_BEST_PATH_SAFETY,adaptive_3x_8x_v1
2024-04-24 13:00:00+00:00,93344845.53081667,AVAXUSDT,P6_MOMENTUM_OR_BREAKOUT_TOP20,G1_SINGLE_BEST_PATH_SAFETY,adaptive_3x_8x_v1
2024-04-30 02:04:00+00:00,88863984.69813529,AVAXUSDT,P6_MOMENTUM_OR_BREAKOUT_TOP20,G1_SINGLE_BEST_PATH_SAFETY,adaptive_3x_8x_v1
2024-05-04 01:45:00+00:00,96597156.83844106,AVAXUSDT,P6_MOMENTUM_OR_BREAKOUT_TOP20,G1_SINGLE_BEST_PATH_SAFETY,adaptive_3x_8x_v1
2024-05-05 07:00:00+00:00,95700641.86584498,AVAXUSDT,P6_MOMENTUM_OR_BREAKOUT_TOP20,G1_SINGLE_BEST_PATH_SAFETY,adaptive_3x_8x_v1
2024-05-06 12:30:00+00:00,91709645.87626252,AVAXUSDT,P6_MOMENTUM_OR_BREAKOUT_TOP20,G1_SINGLE_BEST_PATH_SAFETY,adaptive_3x_8x_v1
2024-05-16 12:00:00+00:00,94426126.03753476,AVAXUSDT,P6_MOMENTUM_OR_BREAKOUT_TOP20,G1_SINGLE_BEST_PATH_SAFETY,adaptive_3x_8x_v1
2024-05-17 18:00:00+00:00,99356002.90682124,AVAXUSDT,P6_MOMENTUM_OR_BREAKOUT_TOP20,G1_SINGLE_BEST_PATH_SAFETY,adaptive_3x_8x_v1
2024-05-22 03:00:00+00:00,119417089.22553924,AVAXUSDT,P6_MOMENTUM_OR_BREAKOUT_TOP20,G1_SINGLE_BEST_PATH_SAFETY,adaptive_3x_8x_v1
2024-05-27 19:50:00+00:00,112370743.91815548,AVAXUSDT,P6_MOMENTUM_OR_BREAKOUT_TOP20,G1_SINGLE_BEST_PATH_SAFETY,adaptive_3x_8x_v1
2024-06-06 19:00:00+00:00,108373668.13420859,AVAXUSDT,P6_MOMENTUM_OR_BREAKOUT_TOP20,G1_SINGLE_BEST_PATH_SAFETY,adaptive_3x_8x_v1
2024-06-28 01:00:00+00:00,119430268.44337147,AVAXUSDT,P6_MOMENTUM_OR_BREAKOUT_TOP20,G1_SINGLE_BEST_PATH_SAFETY,adaptive_3x_8x_v1
2024-06-30 14:15:00+00:00,111628857.46007559,AVAXUSDT,P6_MOMENTUM_OR_BREAKOUT_TOP20,G1_SINGLE_BEST_PATH_SAFETY,adaptive_3x_8x_v1
2024-07-01 13:45:00+00:00,115325643.23736869,AVAXUSDT,P6_MOMENTUM_OR_BREAKOUT_TOP20,G1_SINGLE_BEST_PATH_SAFETY,adaptive_3x_8x_v1
2024-07-10 13:15:00+00:00,92781476.70720829,AVAXUSDT,P6_MOMENTUM_OR_BREAKOUT_TOP20,G1_SINGLE_BEST_PATH_SAFETY,adaptive_3x_8x_v1
2024-07-16 22:00:00+00:00,91805530.71932857,AVAXUSDT,P6_MOMENTUM_OR_BREAKOUT_TOP20,G1_SINGLE_BEST_PATH_SAFETY,adaptive_3x_8x_v1
2024-07-21 05:00:00+00:00,91030381.69462575,AVAXUSDT,P6_MOMENTUM_OR_BREAKOUT_TOP20,G1_SINGLE_BEST_PATH_SAFETY,adaptive_3x_8x_v1
2024-07-22 02:00:00+00:00,99070130.75561072,AVAXUSDT,P6_MOMENTUM_OR_BREAKOUT_TOP20,G1_SINGLE_BEST_PATH_SAFETY,adaptive_3x_8x_v1
2024-08-09 03:45:00+00:00,105481630.01657051,AVAXUSDT,P6_MOMENTUM_OR_BREAKOUT_TOP20,G1_SINGLE_BEST_PATH_SAFETY,adaptive_3x_8x_v1
2024-08-11 11:15:00+00:00,105573578.15906954,AVAXUSDT,P6_MOMENTUM_OR_BREAKOUT_TOP20,G1_SINGLE_BEST_PATH_SAFETY,adaptive_3x_8x_v1
2024-08-20 14:45:00+00:00,105656769.4596363,AVAXUSDT,P6_MOMENTUM_OR_BREAKOUT_TOP20,G1_SINGLE_BEST_PATH_SAFETY,adaptive_3x_8x_v1
2024-08-21 15:07:00+00:00,100460607.72568363,AVAXUSDT,P6_MOMENTUM_OR_BREAKOUT_TOP20,G1_SINGLE_BEST_PATH_SAFETY,adaptive_3x_8x_v1
2024-08-24 00:15:00+00:00,116141115.85387814,AVAXUSDT,P6_MOMENTUM_OR_BREAKOUT_TOP20,G1_SINGLE_BEST_PATH_SAFETY,adaptive_3x_8x_v1
2024-08-24 20:15:00+00:00,129650300.40928274,AVAXUSDT,P6_MOMENTUM_OR_BREAKOUT_TOP20,G1_SINGLE_BEST_PATH_SAFETY,adaptive_3x_8x_v1
2024-09-08 12:30:00+00:00,170125743.2092489,AVAXUSDT,P6_MOMENTUM_OR_BREAKOUT_TOP20,G1_SINGLE_BEST_PATH_SAFETY,adaptive_3x_8x_v1
2024-09-09 14:15:00+00:00,160086458.10796192,AVAXUSDT,P6_MOMENTUM_OR_BREAKOUT_TOP20,G1_SINGLE_BEST_PATH_SAFETY,adaptive_3x_8x_v1
2024-09-14 08:45:00+00:00,162907075.39485595,AVAXUSDT,P6_MOMENTUM_OR_BREAKOUT_TOP20,G1_SINGLE_BEST_PATH_SAFETY,adaptive_3x_8x_v1
2024-09-14 22:15:00+00:00,150943723.10561144,AVAXUSDT,P6_MOMENTUM_OR_BREAKOUT_TOP20,G1_SINGLE_BEST_PATH_SAFETY,adaptive_3x_8x_v1
2024-09-19 21:30:00+00:00,168355586.59140542,AVAXUSDT,P6_MOMENTUM_OR_BREAKOUT_TOP20,G1_SINGLE_BEST_PATH_SAFETY,adaptive_3x_8x_v1
2024-09-20 13:00:00+00:00,173038573.48998132,AVAXUSDT,P6_MOMENTUM_OR_BREAKOUT_TOP20,G1_SINGLE_BEST_PATH_SAFETY,adaptive_3x_8x_v1
2024-09-25 04:30:00+00:00,169701826.18369123,AVAXUSDT,P6_MOMENTUM_OR_BREAKOUT_TOP20,G1_SINGLE_BEST_PATH_SAFETY,adaptive_3x_8x_v1
2024-09-28 03:15:00+00:00,190397266.21191955,AVAXUSDT,P6_MOMENTUM_OR_BREAKOUT_TOP20,G1_SINGLE_BEST_PATH_SAFETY,adaptive_3x_8x_v1
2024-10-05 02:00:00+00:00,193586354.62807727,AVAXUSDT,P6_MOMENTUM_OR_BREAKOUT_TOP20,G1_SINGLE_BEST_PATH_SAFETY,adaptive_3x_8x_v1
2024-10-06 21:45:00+00:00,186308423.39546615,AVAXUSDT,P6_MOMENTUM_OR_BREAKOUT_TOP20,G1_SINGLE_BEST_PATH_SAFETY,adaptive_3x_8x_v1
2024-10-12 07:00:00+00:00,200095796.80898613,AVAXUSDT,P6_MOMENTUM_OR_BREAKOUT_TOP20,G1_SINGLE_BEST_PATH_SAFETY,adaptive_3x_8x_v1
2024-11-05 19:45:00+00:00,184899383.3234856,AVAXUSDT,P6_MOMENTUM_OR_BREAKOUT_TOP20,G1_SINGLE_BEST_PATH_SAFETY,adaptive_3x_8x_v1
2024-11-06 08:15:00+00:00,202396697.28794274,AVAXUSDT,P6_MOMENTUM_OR_BREAKOUT_TOP20,G1_SINGLE_BEST_PATH_SAFETY,adaptive_3x_8x_v1
2024-11-10 20:00:00+00:00,214046356.96161816,AVAXUSDT,P6_MOMENTUM_OR_BREAKOUT_TOP20,G1_SINGLE_BEST_PATH_SAFETY,adaptive_3x_8x_v1
2024-11-12 10:30:00+00:00,225352724.438662,AVAXUSDT,P6_MOMENTUM_OR_BREAKOUT_TOP20,G1_SINGLE_BEST_PATH_SAFETY,adaptive_3x_8x_v1
2024-11-16 15:45:00+00:00,210209162.648745,AVAXUSDT,P6_MOMENTUM_OR_BREAKOUT_TOP20,G1_SINGLE_BEST_PATH_SAFETY,adaptive_3x_8x_v1
2024-11-17 16:30:00+00:00,225028901.6042581,AVAXUSDT,P6_MOMENTUM_OR_BREAKOUT_TOP20,G1_SINGLE_BEST_PATH_SAFETY,adaptive_3x_8x_v1
2024-11-22 00:30:00+00:00,218125504.2611854,AVAXUSDT,P6_MOMENTUM_OR_BREAKOUT_TOP20,G1_SINGLE_BEST_PATH_SAFETY,adaptive_3x_8x_v1
2024-11-23 08:15:00+00:00,267735009.77225593,AVAXUSDT,P6_MOMENTUM_OR_BREAKOUT_TOP20,G1_SINGLE_BEST_PATH_SAFETY,adaptive_3x_8x_v1
2024-11-30 10:46:00+00:00,246278910.94779626,AVAXUSDT,P6_MOMENTUM_OR_BREAKOUT_TOP20,G1_SINGLE_BEST_PATH_SAFETY,adaptive_3x_8x_v1
2024-12-02 10:30:00+00:00,241518382.0059669,AVAXUSDT,P6_MOMENTUM_OR_BREAKOUT_TOP20,G1_SINGLE_BEST_PATH_SAFETY,adaptive_3x_8x_v1
2024-12-04 16:45:00+00:00,221977624.58332485,AVAXUSDT,P6_MOMENTUM_OR_BREAKOUT_TOP20,G1_SINGLE_BEST_PATH_SAFETY,adaptive_3x_8x_v1
2024-12-12 11:30:00+00:00,226100316.88767672,AVAXUSDT,P6_MOMENTUM_OR_BREAKOUT_TOP20,G1_SINGLE_BEST_PATH_SAFETY,adaptive_3x_8x_v1
2024-12-13 06:45:00+00:00,236601701.99196222,AVAXUSDT,P6_MOMENTUM_OR_BREAKOUT_TOP20,G1_SINGLE_BEST_PATH_SAFETY,adaptive_3x_8x_v1
2025-01-02 15:30:00+00:00,259244225.22655818,AVAXUSDT,P6_MOMENTUM_OR_BREAKOUT_TOP20,G1_SINGLE_BEST_PATH_SAFETY,adaptive_3x_8x_v1
2025-01-16 03:30:00+00:00,277455328.6807392,AVAXUSDT,P6_MOMENTUM_OR_BREAKOUT_TOP20,G1_SINGLE_BEST_PATH_SAFETY,adaptive_3x_8x_v1
2025-01-26 09:15:00+00:00,289111635.4652339,AVAXUSDT,P6_MOMENTUM_OR_BREAKOUT_TOP20,G1_SINGLE_BEST_PATH_SAFETY,adaptive_3x_8x_v1
2025-02-14 20:45:00+00:00,275964470.5464484,AVAXUSDT,P6_MOMENTUM_OR_BREAKOUT_TOP20,G1_SINGLE_BEST_PATH_SAFETY,adaptive_3x_8x_v1
2025-02-21 02:30:00+00:00,265015936.21627817,AVAXUSDT,P6_MOMENTUM_OR_BREAKOUT_TOP20,G1_SINGLE_BEST_PATH_SAFETY,adaptive_3x_8x_v1
2025-03-03 01:45:00+00:00,328018030.60789335,AVAXUSDT,P6_MOMENTUM_OR_BREAKOUT_TOP20,G1_SINGLE_BEST_PATH_SAFETY,adaptive_3x_8x_v1
2025-03-06 07:30:00+00:00,326007174.51417416,AVAXUSDT,P6_MOMENTUM_OR_BREAKOUT_TOP20,G1_SINGLE_BEST_PATH_SAFETY,adaptive_3x_8x_v1
2025-03-16 08:30:00+00:00,301011542.9169523,AVAXUSDT,P6_MOMENTUM_OR_BREAKOUT_TOP20,G1_SINGLE_BEST_PATH_SAFETY,adaptive_3x_8x_v1
2025-03-24 15:30:00+00:00,374216243.86160266,AVAXUSDT,P6_MOMENTUM_OR_BREAKOUT_TOP20,G1_SINGLE_BEST_PATH_SAFETY,adaptive_3x_8x_v1
2025-03-26 03:00:00+00:00,374525963.3929228,AVAXUSDT,P6_MOMENTUM_OR_BREAKOUT_TOP20,G1_SINGLE_BEST_PATH_SAFETY,adaptive_3x_8x_v1
2025-04-10 00:15:00+00:00,414396690.19121265,AVAXUSDT,P6_MOMENTUM_OR_BREAKOUT_TOP20,G1_SINGLE_BEST_PATH_SAFETY,adaptive_3x_8x_v1
2025-04-11 22:30:00+00:00,408449451.18899536,AVAXUSDT,P6_MOMENTUM_OR_BREAKOUT_TOP20,G1_SINGLE_BEST_PATH_SAFETY,adaptive_3x_8x_v1
2025-04-13 02:15:00+00:00,423492184.88636315,AVAXUSDT,P6_MOMENTUM_OR_BREAKOUT_TOP20,G1_SINGLE_BEST_PATH_SAFETY,adaptive_3x_8x_v1
2025-04-21 13:45:00+00:00,416732676.5452143,AVAXUSDT,P6_MOMENTUM_OR_BREAKOUT_TOP20,G1_SINGLE_BEST_PATH_SAFETY,adaptive_3x_8x_v1
2025-04-23 13:30:00+00:00,504419612.38400465,AVAXUSDT,P6_MOMENTUM_OR_BREAKOUT_TOP20,G1_SINGLE_BEST_PATH_SAFETY,adaptive_3x_8x_v1
2025-05-08 13:15:00+00:00,532486153.1148407,AVAXUSDT,P6_MOMENTUM_OR_BREAKOUT_TOP20,G1_SINGLE_BEST_PATH_SAFETY,adaptive_3x_8x_v1
2025-05-11 06:30:00+00:00,700796747.2340416,AVAXUSDT,P6_MOMENTUM_OR_BREAKOUT_TOP20,G1_SINGLE_BEST_PATH_SAFETY,adaptive_3x_8x_v1
2025-05-12 11:45:00+00:00,635251211.6418643,AVAXUSDT,P6_MOMENTUM_OR_BREAKOUT_TOP20,G1_SINGLE_BEST_PATH_SAFETY,adaptive_3x_8x_v1
2025-05-14 08:45:00+00:00,577059212.4634429,AVAXUSDT,P6_MOMENTUM_OR_BREAKOUT_TOP20,G1_SINGLE_BEST_PATH_SAFETY,adaptive_3x_8x_v1
2025-05-21 17:15:00+00:00,562185322.866213,AVAXUSDT,P6_MOMENTUM_OR_BREAKOUT_TOP20,G1_SINGLE_BEST_PATH_SAFETY,adaptive_3x_8x_v1
2025-05-29 09:30:00+00:00,531297179.6951493,AVAXUSDT,P6_MOMENTUM_OR_BREAKOUT_TOP20,G1_SINGLE_BEST_PATH_SAFETY,adaptive_3x_8x_v1
2025-06-10 04:15:00+00:00,532345907.8972111,AVAXUSDT,P6_MOMENTUM_OR_BREAKOUT_TOP20,G1_SINGLE_BEST_PATH_SAFETY,adaptive_3x_8x_v1
2025-06-11 09:30:00+00:00,534046416.24556994,AVAXUSDT,P6_MOMENTUM_OR_BREAKOUT_TOP20,G1_SINGLE_BEST_PATH_SAFETY,adaptive_3x_8x_v1
2025-06-11 17:45:00+00:00,520831184.19234794,AVAXUSDT,P6_MOMENTUM_OR_BREAKOUT_TOP20,G1_SINGLE_BEST_PATH_SAFETY,adaptive_3x_8x_v1
2025-06-25 05:00:00+00:00,542222234.5083503,AVAXUSDT,P6_MOMENTUM_OR_BREAKOUT_TOP20,G1_SINGLE_BEST_PATH_SAFETY,adaptive_3x_8x_v1
2025-06-30 03:15:00+00:00,544624336.7675599,AVAXUSDT,P6_MOMENTUM_OR_BREAKOUT_TOP20,G1_SINGLE_BEST_PATH_SAFETY,adaptive_3x_8x_v1
2025-07-02 23:30:00+00:00,556914486.6984582,AVAXUSDT,P6_MOMENTUM_OR_BREAKOUT_TOP20,G1_SINGLE_BEST_PATH_SAFETY,adaptive_3x_8x_v1
2025-07-09 01:15:00+00:00,557826188.5212423,AVAXUSDT,P6_MOMENTUM_OR_BREAKOUT_TOP20,G1_SINGLE_BEST_PATH_SAFETY,adaptive_3x_8x_v1
2025-07-11 07:00:00+00:00,606147045.9647719,AVAXUSDT,P6_MOMENTUM_OR_BREAKOUT_TOP20,G1_SINGLE_BEST_PATH_SAFETY,adaptive_3x_8x_v1
2025-07-17 01:30:00+00:00,577882183.8260728,AVAXUSDT,P6_MOMENTUM_OR_BREAKOUT_TOP20,G1_SINGLE_BEST_PATH_SAFETY,adaptive_3x_8x_v1
2025-07-18 11:15:00+00:00,605368092.1339966,AVAXUSDT,P6_MOMENTUM_OR_BREAKOUT_TOP20,G1_SINGLE_BEST_PATH_SAFETY,adaptive_3x_8x_v1
2025-07-20 22:00:00+00:00,620559772.361753,AVAXUSDT,P6_MOMENTUM_OR_BREAKOUT_TOP20,G1_SINGLE_BEST_PATH_SAFETY,adaptive_3x_8x_v1
2025-07-27 09:00:00+00:00,617327552.3813422,AVAXUSDT,P6_MOMENTUM_OR_BREAKOUT_TOP20,G1_SINGLE_BEST_PATH_SAFETY,adaptive_3x_8x_v1
2025-07-28 14:15:00+00:00,637265625.6230943,AVAXUSDT,P6_MOMENTUM_OR_BREAKOUT_TOP20,G1_SINGLE_BEST_PATH_SAFETY,adaptive_3x_8x_v1
2025-08-05 03:00:00+00:00,642439969.6534466,AVAXUSDT,P6_MOMENTUM_OR_BREAKOUT_TOP20,G1_SINGLE_BEST_PATH_SAFETY,adaptive_3x_8x_v1
2025-08-07 16:30:00+00:00,654167095.9665159,AVAXUSDT,P6_MOMENTUM_OR_BREAKOUT_TOP20,G1_SINGLE_BEST_PATH_SAFETY,adaptive_3x_8x_v1
2025-08-18 00:15:00+00:00,615489422.4681904,AVAXUSDT,P6_MOMENTUM_OR_BREAKOUT_TOP20,G1_SINGLE_BEST_PATH_SAFETY,adaptive_3x_8x_v1
2025-08-23 01:00:00+00:00,645187936.83761,AVAXUSDT,P6_MOMENTUM_OR_BREAKOUT_TOP20,G1_SINGLE_BEST_PATH_SAFETY,adaptive_3x_8x_v1
2025-09-04 01:00:00+00:00,639476218.2567093,AVAXUSDT,P6_MOMENTUM_OR_BREAKOUT_TOP20,G1_SINGLE_BEST_PATH_SAFETY,adaptive_3x_8x_v1
2025-09-08 20:15:00+00:00,682027681.7458582,AVAXUSDT,P6_MOMENTUM_OR_BREAKOUT_TOP20,G1_SINGLE_BEST_PATH_SAFETY,adaptive_3x_8x_v1
2025-09-11 02:30:00+00:00,1145413089.4895794,AVAXUSDT,P6_MOMENTUM_OR_BREAKOUT_TOP20,G1_SINGLE_BEST_PATH_SAFETY,adaptive_3x_8x_v1
2025-09-13 09:45:00+00:00,1539262262.1206207,AVAXUSDT,P6_MOMENTUM_OR_BREAKOUT_TOP20,G1_SINGLE_BEST_PATH_SAFETY,adaptive_3x_8x_v1
2025-09-16 14:00:00+00:00,1426761494.5103006,AVAXUSDT,P6_MOMENTUM_OR_BREAKOUT_TOP20,G1_SINGLE_BEST_PATH_SAFETY,adaptive_3x_8x_v1
2025-09-19 04:00:00+00:00,1975397842.11941,AVAXUSDT,P6_MOMENTUM_OR_BREAKOUT_TOP20,G1_SINGLE_BEST_PATH_SAFETY,adaptive_3x_8x_v1
2025-09-23 11:00:00+00:00,1972287687.105897,AVAXUSDT,P6_MOMENTUM_OR_BREAKOUT_TOP20,G1_SINGLE_BEST_PATH_SAFETY,adaptive_3x_8x_v1
2025-10-02 08:00:00+00:00,2002000160.4456875,AVAXUSDT,P6_MOMENTUM_OR_BREAKOUT_TOP20,G1_SINGLE_BEST_PATH_SAFETY,adaptive_3x_8x_v1
2025-10-20 09:15:00+00:00,2039234749.3822534,AVAXUSDT,P6_MOMENTUM_OR_BREAKOUT_TOP20,G1_SINGLE_BEST_PATH_SAFETY,adaptive_3x_8x_v1
2025-10-26 20:15:00+00:00,2333225644.0628877,AVAXUSDT,P6_MOMENTUM_OR_BREAKOUT_TOP20,G1_SINGLE_BEST_PATH_SAFETY,adaptive_3x_8x_v1
2025-11-08 06:00:00+00:00,2572676100.930322,AVAXUSDT,P6_MOMENTUM_OR_BREAKOUT_TOP20,G1_SINGLE_BEST_PATH_SAFETY,adaptive_3x_8x_v1
2025-11-10 14:45:00+00:00,2994484237.879131,AVAXUSDT,P6_MOMENTUM_OR_BREAKOUT_TOP20,G1_SINGLE_BEST_PATH_SAFETY,adaptive_3x_8x_v1
2025-11-26 03:30:00+00:00,2801684271.7345,AVAXUSDT,P6_MOMENTUM_OR_BREAKOUT_TOP20,G1_SINGLE_BEST_PATH_SAFETY,adaptive_3x_8x_v1
2025-11-27 22:30:00+00:00,3233041772.2158537,AVAXUSDT,P6_MOMENTUM_OR_BREAKOUT_TOP20,G1_SINGLE_BEST_PATH_SAFETY,adaptive_3x_8x_v1
2025-12-04 14:45:00+00:00,3140127579.6949906,AVAXUSDT,P6_MOMENTUM_OR_BREAKOUT_TOP20,G1_SINGLE_BEST_PATH_SAFETY,adaptive_3x_8x_v1
2025-12-10 10:30:00+00:00,4130538814.190632,AVAXUSDT,P6_MOMENTUM_OR_BREAKOUT_TOP20,G1_SINGLE_BEST_PATH_SAFETY,adaptive_3x_8x_v1
2025-12-28 09:30:00+00:00,4655408784.72898,AVAXUSDT,P6_MOMENTUM_OR_BREAKOUT_TOP20,G1_SINGLE_BEST_PATH_SAFETY,adaptive_3x_8x_v1
2026-01-02 07:15:00+00:00,5338382367.627148,AVAXUSDT,P6_MOMENTUM_OR_BREAKOUT_TOP20,G1_SINGLE_BEST_PATH_SAFETY,adaptive_3x_8x_v1
2026-01-03 07:15:00+00:00,4427610871.629988,AVAXUSDT,P6_MOMENTUM_OR_BREAKOUT_TOP20,G1_SINGLE_BEST_PATH_SAFETY,adaptive_3x_8x_v1
2026-01-14 05:30:00+00:00,4756577143.213517,AVAXUSDT,P6_MOMENTUM_OR_BREAKOUT_TOP20,G1_SINGLE_BEST_PATH_SAFETY,adaptive_3x_8x_v1
2026-01-14 18:33:00+00:00,4568651156.019927,AVAXUSDT,P6_MOMENTUM_OR_BREAKOUT_TOP20,G1_SINGLE_BEST_PATH_SAFETY,adaptive_3x_8x_v1
2026-02-20 13:00:00+00:00,4392851774.30806,AVAXUSDT,P6_MOMENTUM_OR_BREAKOUT_TOP20,G1_SINGLE_BEST_PATH_SAFETY,adaptive_3x_8x_v1
2026-02-25 23:30:00+00:00,4348088544.457217,AVAXUSDT,P6_MOMENTUM_OR_BREAKOUT_TOP20,G1_SINGLE_BEST_PATH_SAFETY,adaptive_3x_8x_v1
2026-03-02 23:30:00+00:00,4164753917.124065,AVAXUSDT,P6_MOMENTUM_OR_BREAKOUT_TOP20,G1_SINGLE_BEST_PATH_SAFETY,adaptive_3x_8x_v1
2026-03-04 22:30:00+00:00,4281015467.384107,AVAXUSDT,P6_MOMENTUM_OR_BREAKOUT_TOP20,G1_SINGLE_BEST_PATH_SAFETY,adaptive_3x_8x_v1
2026-03-10 13:30:00+00:00,4395960823.631542,AVAXUSDT,P6_MOMENTUM_OR_BREAKOUT_TOP20,G1_SINGLE_BEST_PATH_SAFETY,adaptive_3x_8x_v1
2026-03-10 23:15:00+00:00,4397556279.598133,AVAXUSDT,P6_MOMENTUM_OR_BREAKOUT_TOP20,G1_SINGLE_BEST_PATH_SAFETY,adaptive_3x_8x_v1
2026-03-13 06:15:00+00:00,4443766891.767265,AVAXUSDT,P6_MOMENTUM_OR_BREAKOUT_TOP20,G1_SINGLE_BEST_PATH_SAFETY,adaptive_3x_8x_v1
2026-03-16 10:30:00+00:00,4438294591.18047,AVAXUSDT,P6_MOMENTUM_OR_BREAKOUT_TOP20,G1_SINGLE_BEST_PATH_SAFETY,adaptive_3x_8x_v1
2026-04-01 20:00:00+00:00,4439519855.485835,AVAXUSDT,P6_MOMENTUM_OR_BREAKOUT_TOP20,G1_SINGLE_BEST_PATH_SAFETY,adaptive_3x_8x_v1
2026-04-06 13:15:00+00:00,4695084549.606428,AVAXUSDT,P6_MOMENTUM_OR_BREAKOUT_TOP20,G1_SINGLE_BEST_PATH_SAFETY,adaptive_3x_8x_v1
2026-04-14 05:00:00+00:00,4671984748.682686,AVAXUSDT,P6_MOMENTUM_OR_BREAKOUT_TOP20,G1_SINGLE_BEST_PATH_SAFETY,adaptive_3x_8x_v1
2026-04-17 23:15:00+00:00,4647379235.460791,AVAXUSDT,P6_MOMENTUM_OR_BREAKOUT_TOP20,G1_SINGLE_BEST_PATH_SAFETY,adaptive_3x_8x_v1
2026-04-29 12:15:00+00:00,4541724377.4479685,AVAXUSDT,P6_MOMENTUM_OR_BREAKOUT_TOP20,G1_SINGLE_BEST_PATH_SAFETY,adaptive_3x_8x_v1
2026-05-06 13:45:00+00:00,4435033948.381699,AVAXUSDT,P6_MOMENTUM_OR_BREAKOUT_TOP20,G1_SINGLE_BEST_PATH_SAFETY,adaptive_3x_8x_v1
2026-05-10 20:45:00+00:00,4258644195.224599,AVAXUSDT,P6_MOMENTUM_OR_BREAKOUT_TOP20,G1_SINGLE_BEST_PATH_SAFETY,adaptive_3x_8x_v1
2026-06-21 20:15:00+00:00,4242448810.0498266,AVAXUSDT,P6_MOMENTUM_OR_BREAKOUT_TOP20,G1_SINGLE_BEST_PATH_SAFETY,adaptive_3x_8x_v1
2026-06-27 10:15:00+00:00,4318865684.128443,AVAXUSDT,P6_MOMENTUM_OR_BREAKOUT_TOP20,G1_SINGLE_BEST_PATH_SAFETY,adaptive_3x_8x_v1
