time,equity,symbol,sizing_mode,side_scope
2020-09-23 09:51:00+00:00,1008.8772139977302,SOLUSDT,fixed_risk_0_5pct,long_only
2020-09-26 03:34:00+00:00,1017.1278792648857,SOLUSDT,fixed_risk_0_5pct,long_only
2020-09-27 08:11:00+00:00,1011.3219665134503,SOLUSDT,fixed_risk_0_5pct,long_only
2020-09-27 08:30:00+00:00,1005.6124780016627,SOLUSDT,fixed_risk_0_5pct,long_only
2020-09-27 12:45:00+00:00,1012.1324880284424,SOLUSDT,fixed_risk_0_5pct,long_only
2020-10-06 05:08:00+00:00,1006.0329982332853,SOLUSDT,fixed_risk_0_5pct,long_only
2020-10-06 06:36:00+00:00,999.863451472183,SOLUSDT,fixed_risk_0_5pct,long_only
2020-10-12 13:27:00+00:00,1007.431083757699,SOLUSDT,fixed_risk_0_5pct,long_only
2020-10-13 01:16:00+00:00,1001.9492079691222,SOLUSDT,fixed_risk_0_5pct,long_only
2020-10-13 03:05:00+00:00,996.5367414926782,SOLUSDT,fixed_risk_0_5pct,long_only
2020-10-13 05:28:00+00:00,1009.4101139386966,SOLUSDT,fixed_risk_0_5pct,long_only
2020-10-18 23:05:00+00:00,1018.9747943949784,SOLUSDT,fixed_risk_0_5pct,long_only
2020-10-19 00:49:00+00:00,1013.0048716915029,SOLUSDT,fixed_risk_0_5pct,long_only
2020-10-19 03:23:00+00:00,1007.1623468466801,SOLUSDT,fixed_risk_0_5pct,long_only
2020-10-22 22:56:00+00:00,1001.2027752513305,SOLUSDT,fixed_risk_0_5pct,long_only
2020-10-22 23:13:00+00:00,995.2613444917387,SOLUSDT,fixed_risk_0_5pct,long_only
2020-10-22 23:24:00+00:00,989.344455382027,SOLUSDT,fixed_risk_0_5pct,long_only
2020-10-23 00:16:00+00:00,983.5473615739792,SOLUSDT,fixed_risk_0_5pct,long_only
2020-11-02 10:17:00+00:00,977.9957912572523,SOLUSDT,fixed_risk_0_5pct,long_only
2020-11-02 11:22:00+00:00,972.5282485424224,SOLUSDT,fixed_risk_0_5pct,long_only
2020-11-02 12:46:00+00:00,967.1517734388409,SOLUSDT,fixed_risk_0_5pct,long_only
2020-11-07 19:36:00+00:00,962.206573442667,SOLUSDT,fixed_risk_0_5pct,long_only
2020-11-15 20:00:00+00:00,957.0553262066553,SOLUSDT,fixed_risk_0_5pct,long_only
2020-11-15 22:11:00+00:00,951.9566663995874,SOLUSDT,fixed_risk_0_5pct,long_only
2020-11-22 06:15:00+00:00,950.2785146374255,SOLUSDT,fixed_risk_0_5pct,long_only
2020-11-23 16:59:00+00:00,960.9584090358323,SOLUSDT,fixed_risk_0_5pct,long_only
2020-11-25 22:45:00+00:00,955.8796869089728,SOLUSDT,fixed_risk_0_5pct,long_only
2020-11-25 23:15:00+00:00,950.8391128207793,SOLUSDT,fixed_risk_0_5pct,long_only
2020-11-26 02:11:00+00:00,945.8426752734741,SOLUSDT,fixed_risk_0_5pct,long_only
2020-11-30 09:31:00+00:00,940.2645439109164,SOLUSDT,fixed_risk_0_5pct,long_only
2020-11-30 09:59:00+00:00,947.0333201748244,SOLUSDT,fixed_risk_0_5pct,long_only
2020-12-14 12:21:00+00:00,941.8645509123131,SOLUSDT,fixed_risk_0_5pct,long_only
2020-12-14 15:08:00+00:00,950.4001421489551,SOLUSDT,fixed_risk_0_5pct,long_only
2020-12-16 03:28:00+00:00,945.2973411553357,SOLUSDT,fixed_risk_0_5pct,long_only
2020-12-16 06:25:00+00:00,956.3561818869182,SOLUSDT,fixed_risk_0_5pct,long_only
2020-12-17 07:24:00+00:00,964.5242170172689,SOLUSDT,fixed_risk_0_5pct,long_only
2020-12-19 20:45:00+00:00,965.8109067460165,SOLUSDT,fixed_risk_0_5pct,long_only
2021-01-03 21:15:00+00:00,972.2329331798293,SOLUSDT,fixed_risk_0_5pct,long_only
2021-01-04 09:33:00+00:00,967.269265590508,SOLUSDT,fixed_risk_0_5pct,long_only
2021-01-04 10:16:00+00:00,962.3582808598042,SOLUSDT,fixed_risk_0_5pct,long_only
2021-01-04 12:28:00+00:00,970.5446032356649,SOLUSDT,fixed_risk_0_5pct,long_only
2021-01-05 09:01:00+00:00,977.8652938239775,SOLUSDT,fixed_risk_0_5pct,long_only
2021-01-13 07:37:00+00:00,988.6610834226844,SOLUSDT,fixed_risk_0_5pct,long_only
2021-01-14 22:15:00+00:00,989.4807676596081,SOLUSDT,fixed_risk_0_5pct,long_only
2021-01-16 15:41:00+00:00,992.8797964587314,SOLUSDT,fixed_risk_0_5pct,long_only
2021-01-17 10:45:00+00:00,999.8782253997757,SOLUSDT,fixed_risk_0_5pct,long_only
2021-01-28 23:30:00+00:00,1006.6846366206006,SOLUSDT,fixed_risk_0_5pct,long_only
2021-02-06 03:13:00+00:00,1001.4123139859638,SOLUSDT,fixed_risk_0_5pct,long_only
2021-02-06 04:15:00+00:00,996.1881366409398,SOLUSDT,fixed_risk_0_5pct,long_only
2021-02-06 08:30:00+00:00,1001.1340697019797,SOLUSDT,fixed_risk_0_5pct,long_only
2021-02-16 00:34:00+00:00,995.6829154474598,SOLUSDT,fixed_risk_0_5pct,long_only
2021-02-16 02:52:00+00:00,1003.4070990475275,SOLUSDT,fixed_risk_0_5pct,long_only
2021-02-19 04:42:00+00:00,997.9101107113631,SOLUSDT,fixed_risk_0_5pct,long_only
2021-02-19 06:17:00+00:00,1006.0307026514926,SOLUSDT,fixed_risk_0_5pct,long_only
2021-02-22 04:05:00+00:00,1000.5151038467802,SOLUSDT,fixed_risk_0_5pct,long_only
2021-02-22 05:12:00+00:00,1008.8352488818504,SOLUSDT,fixed_risk_0_5pct,long_only
2021-03-03 16:26:00+00:00,1016.0928477030315,SOLUSDT,fixed_risk_0_5pct,long_only
2021-03-09 00:49:00+00:00,1009.9566241732799,SOLUSDT,fixed_risk_0_5pct,long_only
2021-03-09 02:02:00+00:00,1022.3307894100716,SOLUSDT,fixed_risk_0_5pct,long_only
2021-03-10 07:25:00+00:00,1030.5669647920163,SOLUSDT,fixed_risk_0_5pct,long_only
2021-03-20 00:49:00+00:00,1038.2754786156693,SOLUSDT,fixed_risk_0_5pct,long_only
2021-03-20 20:34:00+00:00,1032.111193739916,SOLUSDT,fixed_risk_0_5pct,long_only
2021-03-20 23:04:00+00:00,1026.010464368549,SOLUSDT,fixed_risk_0_5pct,long_only
2021-03-24 21:39:00+00:00,1020.3219288995992,SOLUSDT,fixed_risk_0_5pct,long_only
2021-03-24 22:14:00+00:00,1014.6461701961069,SOLUSDT,fixed_risk_0_5pct,long_only
2021-03-24 22:18:00+00:00,1008.9918188915983,SOLUSDT,fixed_risk_0_5pct,long_only
2021-03-24 23:18:00+00:00,1003.4629564762257,SOLUSDT,fixed_risk_0_5pct,long_only
2021-03-25 00:00:00+00:00,997.9681479611965,SOLUSDT,fixed_risk_0_5pct,long_only
2021-04-01 12:44:00+00:00,992.3290517414584,SOLUSDT,fixed_risk_0_5pct,long_only
2021-04-01 15:36:00+00:00,1003.041405609093,SOLUSDT,fixed_risk_0_5pct,long_only
2021-04-07 11:34:00+00:00,997.8249206418994,SOLUSDT,fixed_risk_0_5pct,long_only
2021-04-07 12:52:00+00:00,1007.744179842764,SOLUSDT,fixed_risk_0_5pct,long_only
2021-04-12 13:17:00+00:00,1014.7869807260254,SOLUSDT,fixed_risk_0_5pct,long_only
2021-04-13 05:04:00+00:00,1008.8326059605306,SOLUSDT,fixed_risk_0_5pct,long_only
2021-04-13 05:42:00+00:00,1002.8225173897721,SOLUSDT,fixed_risk_0_5pct,long_only
2021-04-13 05:54:00+00:00,996.9560163891852,SOLUSDT,fixed_risk_0_5pct,long_only
2021-04-13 07:29:00+00:00,991.2733869876098,SOLUSDT,fixed_risk_0_5pct,long_only
2021-04-16 09:15:00+00:00,985.8727623793504,SOLUSDT,fixed_risk_0_5pct,long_only
2021-04-20 04:46:00+00:00,999.5887587407931,SOLUSDT,fixed_risk_0_5pct,long_only
2021-05-04 00:05:00+00:00,994.1996679143855,SOLUSDT,fixed_risk_0_5pct,long_only
2021-05-04 00:50:00+00:00,988.8400977907438,SOLUSDT,fixed_risk_0_5pct,long_only
2021-05-10 11:13:00+00:00,982.9673280773127,SOLUSDT,fixed_risk_0_5pct,long_only
2021-05-10 11:24:00+00:00,977.1749524830798,SOLUSDT,fixed_risk_0_5pct,long_only
2021-05-10 12:01:00+00:00,971.5200433625616,SOLUSDT,fixed_risk_0_5pct,long_only
2021-05-10 14:22:00+00:00,966.0395378245745,SOLUSDT,fixed_risk_0_5pct,long_only
2021-05-13 06:18:00+00:00,972.9029216614841,SOLUSDT,fixed_risk_0_5pct,long_only
2021-05-16 18:58:00+00:00,967.9257461704076,SOLUSDT,fixed_risk_0_5pct,long_only
2021-05-16 19:54:00+00:00,962.9961634394233,SOLUSDT,fixed_risk_0_5pct,long_only
2021-05-19 04:17:00+00:00,958.0557908345652,SOLUSDT,fixed_risk_0_5pct,long_only
2021-05-19 04:43:00+00:00,953.1661511858152,SOLUSDT,fixed_risk_0_5pct,long_only
2021-05-19 04:53:00+00:00,948.3152099893015,SOLUSDT,fixed_risk_0_5pct,long_only
2021-05-19 06:08:00+00:00,959.2873469626267,SOLUSDT,fixed_risk_0_5pct,long_only
2021-05-25 04:18:00+00:00,954.3525022311663,SOLUSDT,fixed_risk_0_5pct,long_only
2021-05-25 07:05:00+00:00,965.6603593652007,SOLUSDT,fixed_risk_0_5pct,long_only
2021-06-01 10:34:00+00:00,973.526791542062,SOLUSDT,fixed_risk_0_5pct,long_only
2021-06-07 17:07:00+00:00,968.2980261749113,SOLUSDT,fixed_risk_0_5pct,long_only
2021-06-07 19:33:00+00:00,978.0989138654276,SOLUSDT,fixed_risk_0_5pct,long_only
2021-06-17 14:19:00+00:00,986.1744104907008,SOLUSDT,fixed_risk_0_5pct,long_only
2021-06-23 22:06:00+00:00,994.6808792981819,SOLUSDT,fixed_risk_0_5pct,long_only
2021-07-01 06:01:00+00:00,1002.9067992887148,SOLUSDT,fixed_risk_0_5pct,long_only
2021-07-04 04:38:00+00:00,1010.1069754009836,SOLUSDT,fixed_risk_0_5pct,long_only
2021-07-15 07:21:00+00:00,1019.138720031019,SOLUSDT,fixed_risk_0_5pct,long_only
2021-07-26 21:35:00+00:00,1013.7631490195952,SOLUSDT,fixed_risk_0_5pct,long_only
2021-07-27 01:37:00+00:00,1008.4377959832245,SOLUSDT,fixed_risk_0_5pct,long_only
2021-08-06 06:16:00+00:00,1019.7600074704561,SOLUSDT,fixed_risk_0_5pct,long_only
2021-08-07 16:20:00+00:00,1014.1764398480437,SOLUSDT,fixed_risk_0_5pct,long_only
2021-08-07 19:08:00+00:00,1026.8657966108985,SOLUSDT,fixed_risk_0_5pct,long_only
2021-08-10 00:08:00+00:00,1035.4986892054199,SOLUSDT,fixed_risk_0_5pct,long_only
2021-08-22 20:44:00+00:00,1029.8460392821578,SOLUSDT,fixed_risk_0_5pct,long_only
2021-08-24 13:36:00+00:00,1024.2184302734831,SOLUSDT,fixed_risk_0_5pct,long_only
2021-08-24 14:14:00+00:00,1018.6442923692239,SOLUSDT,fixed_risk_0_5pct,long_only
2021-08-24 14:15:00+00:00,1013.1606418188858,SOLUSDT,fixed_risk_0_5pct,long_only
2021-08-24 14:58:00+00:00,1007.7370029678864,SOLUSDT,fixed_risk_0_5pct,long_only
2021-08-24 15:19:00+00:00,1002.3524706419298,SOLUSDT,fixed_risk_0_5pct,long_only
2021-08-31 19:28:00+00:00,1011.4051968401054,SOLUSDT,fixed_risk_0_5pct,long_only
2021-09-01 22:19:00+00:00,1005.8326929253716,SOLUSDT,fixed_risk_0_5pct,long_only
2021-09-01 23:35:00+00:00,1000.301468053556,SOLUSDT,fixed_risk_0_5pct,long_only
2021-09-19 12:35:00+00:00,994.7232405074818,SOLUSDT,fixed_risk_0_5pct,long_only
2021-10-09 01:28:00+00:00,989.1956615352733,SOLUSDT,fixed_risk_0_5pct,long_only
2021-10-13 07:31:00+00:00,983.6380062424414,SOLUSDT,fixed_risk_0_5pct,long_only
2021-10-13 11:45:00+00:00,988.1585865263921,SOLUSDT,fixed_risk_0_5pct,long_only
2021-10-14 22:30:00+00:00,988.6582236075151,SOLUSDT,fixed_risk_0_5pct,long_only
2021-10-17 16:47:00+00:00,982.9987656530021,SOLUSDT,fixed_risk_0_5pct,long_only
2021-10-17 19:33:00+00:00,977.3904847916016,SOLUSDT,fixed_risk_0_5pct,long_only
2021-11-01 19:07:00+00:00,984.5027327493643,SOLUSDT,fixed_risk_0_5pct,long_only
2021-11-05 14:33:00+00:00,978.8285278434131,SOLUSDT,fixed_risk_0_5pct,long_only
2021-11-20 18:20:00+00:00,991.9375110250338,SOLUSDT,fixed_risk_0_5pct,long_only
2021-11-21 06:45:00+00:00,993.4245106332303,SOLUSDT,fixed_risk_0_5pct,long_only
2021-11-22 04:00:00+00:00,988.0929968987864,SOLUSDT,fixed_risk_0_5pct,long_only
2021-11-24 02:29:00+00:00,982.084315481496,SOLUSDT,fixed_risk_0_5pct,long_only
2021-11-24 02:53:00+00:00,976.1628008551595,SOLUSDT,fixed_risk_0_5pct,long_only
2021-11-24 03:44:00+00:00,993.0939664048987,SOLUSDT,fixed_risk_0_5pct,long_only
2021-12-07 22:05:00+00:00,987.5324505005796,SOLUSDT,fixed_risk_0_5pct,long_only
2021-12-15 14:59:00+00:00,982.0375241833577,SOLUSDT,fixed_risk_0_5pct,long_only
2021-12-15 15:10:00+00:00,976.5868361709087,SOLUSDT,fixed_risk_0_5pct,long_only
2021-12-15 17:06:00+00:00,990.5639618042204,SOLUSDT,fixed_risk_0_5pct,long_only
2021-12-22 23:00:00+00:00,992.9772726805007,SOLUSDT,fixed_risk_0_5pct,long_only
2021-12-27 23:51:00+00:00,987.137667916575,SOLUSDT,fixed_risk_0_5pct,long_only
2021-12-28 00:08:00+00:00,981.5074684212381,SOLUSDT,fixed_risk_0_5pct,long_only
2022-01-02 12:15:00+00:00,982.4141542941658,SOLUSDT,fixed_risk_0_5pct,long_only
2022-01-14 00:02:00+00:00,977.0082546145751,SOLUSDT,fixed_risk_0_5pct,long_only
2022-01-16 21:49:00+00:00,971.1225125354393,SOLUSDT,fixed_risk_0_5pct,long_only
2022-01-16 22:23:00+00:00,978.867762488428,SOLUSDT,fixed_risk_0_5pct,long_only
2022-01-20 21:36:00+00:00,973.2287636024425,SOLUSDT,fixed_risk_0_5pct,long_only
2022-01-20 21:50:00+00:00,967.7337460665125,SOLUSDT,fixed_risk_0_5pct,long_only
2022-01-20 22:00:00+00:00,962.3720940411171,SOLUSDT,fixed_risk_0_5pct,long_only
2022-01-20 22:46:00+00:00,957.1066966518579,SOLUSDT,fixed_risk_0_5pct,long_only
2022-01-20 23:15:00+00:00,951.9204822164152,SOLUSDT,fixed_risk_0_5pct,long_only
2022-01-20 23:49:00+00:00,946.8080241352752,SOLUSDT,fixed_risk_0_5pct,long_only
2022-01-21 01:07:00+00:00,941.7834068629265,SOLUSDT,fixed_risk_0_5pct,long_only
2022-01-27 01:45:00+00:00,939.6283087237694,SOLUSDT,fixed_risk_0_5pct,long_only
2022-01-29 20:15:00+00:00,944.2812117665653,SOLUSDT,fixed_risk_0_5pct,long_only
2022-01-30 15:23:00+00:00,951.1926288315399,SOLUSDT,fixed_risk_0_5pct,long_only
2022-02-02 16:03:00+00:00,946.0745792728693,SOLUSDT,fixed_risk_0_5pct,long_only
2022-02-02 18:43:00+00:00,957.5244612194971,SOLUSDT,fixed_risk_0_5pct,long_only
2022-02-08 01:36:00+00:00,964.6505075332817,SOLUSDT,fixed_risk_0_5pct,long_only
2022-02-21 11:47:00+00:00,959.390675923378,SOLUSDT,fixed_risk_0_5pct,long_only
2022-02-21 12:20:00+00:00,954.2083270774123,SOLUSDT,fixed_risk_0_5pct,long_only
2022-02-21 12:47:00+00:00,949.081222078031,SOLUSDT,fixed_risk_0_5pct,long_only
2022-02-21 13:11:00+00:00,944.0040510083205,SOLUSDT,fixed_risk_0_5pct,long_only
2022-02-21 13:38:00+00:00,938.9849996852195,SOLUSDT,fixed_risk_0_5pct,long_only
2022-02-21 14:19:00+00:00,950.1702793654096,SOLUSDT,fixed_risk_0_5pct,long_only
2022-02-23 20:03:00+00:00,945.1047518626547,SOLUSDT,fixed_risk_0_5pct,long_only
2022-03-23 01:03:00+00:00,939.377740590684,SOLUSDT,fixed_risk_0_5pct,long_only
2022-03-29 19:11:00+00:00,947.8952096368228,SOLUSDT,fixed_risk_0_5pct,long_only
2022-04-14 11:53:00+00:00,942.4790822933462,SOLUSDT,fixed_risk_0_5pct,long_only
2022-04-14 12:52:00+00:00,951.0259076383154,SOLUSDT,fixed_risk_0_5pct,long_only
2022-04-17 23:03:00+00:00,945.5079945033991,SOLUSDT,fixed_risk_0_5pct,long_only
2022-04-17 23:23:00+00:00,940.0631312996122,SOLUSDT,fixed_risk_0_5pct,long_only
2022-04-18 03:30:00+00:00,946.2658538185416,SOLUSDT,fixed_risk_0_5pct,long_only
2022-04-20 18:40:00+00:00,941.0748968636418,SOLUSDT,fixed_risk_0_5pct,long_only
2022-04-20 20:04:00+00:00,951.5661243885545,SOLUSDT,fixed_risk_0_5pct,long_only
2022-04-21 19:49:00+00:00,946.2224012905357,SOLUSDT,fixed_risk_0_5pct,long_only
2022-04-21 20:03:00+00:00,940.9083152869528,SOLUSDT,fixed_risk_0_5pct,long_only
2022-04-21 20:35:00+00:00,935.6504249641179,SOLUSDT,fixed_risk_0_5pct,long_only
2022-04-28 15:07:00+00:00,949.083585330011,SOLUSDT,fixed_risk_0_5pct,long_only
2022-05-17 18:18:00+00:00,944.0475135602051,SOLUSDT,fixed_risk_0_5pct,long_only
2022-05-17 19:07:00+00:00,950.9739862708823,SOLUSDT,fixed_risk_0_5pct,long_only
2022-06-06 00:33:00+00:00,960.3868531562036,SOLUSDT,fixed_risk_0_5pct,long_only
2022-06-18 00:30:00+00:00,967.5212078659895,SOLUSDT,fixed_risk_0_5pct,long_only
2022-06-18 03:19:00+00:00,962.2606228618282,SOLUSDT,fixed_risk_0_5pct,long_only
2022-06-20 06:30:00+00:00,962.605529964367,SOLUSDT,fixed_risk_0_5pct,long_only
2022-07-08 08:58:00+00:00,957.2243593381704,SOLUSDT,fixed_risk_0_5pct,long_only
2022-07-08 09:12:00+00:00,951.9226045128526,SOLUSDT,fixed_risk_0_5pct,long_only
2022-07-08 13:15:00+00:00,952.2804113049433,SOLUSDT,fixed_risk_0_5pct,long_only
2022-07-22 15:31:00+00:00,947.0553400948106,SOLUSDT,fixed_risk_0_5pct,long_only
2022-07-22 17:26:00+00:00,941.8930291095634,SOLUSDT,fixed_risk_0_5pct,long_only
2022-07-22 19:33:00+00:00,936.7018825157786,SOLUSDT,fixed_risk_0_5pct,long_only
2022-07-25 03:00:00+00:00,931.6585282021883,SOLUSDT,fixed_risk_0_5pct,long_only
2022-07-25 03:33:00+00:00,926.5494614347806,SOLUSDT,fixed_risk_0_5pct,long_only
2022-07-25 07:45:00+00:00,934.0737034134652,SOLUSDT,fixed_risk_0_5pct,long_only
2022-07-31 22:31:00+00:00,928.7604464795626,SOLUSDT,fixed_risk_0_5pct,long_only
2022-08-01 00:01:00+00:00,923.4349490727598,SOLUSDT,fixed_risk_0_5pct,long_only
2022-08-14 16:17:00+00:00,917.9471838982806,SOLUSDT,fixed_risk_0_5pct,long_only
2022-08-25 03:15:00+00:00,931.3096858846632,SOLUSDT,fixed_risk_0_5pct,long_only
2022-08-30 14:17:00+00:00,925.9232325337896,SOLUSDT,fixed_risk_0_5pct,long_only
2022-08-30 14:33:00+00:00,920.601150382192,SOLUSDT,fixed_risk_0_5pct,long_only
2022-08-30 15:10:00+00:00,915.4231752879471,SOLUSDT,fixed_risk_0_5pct,long_only
2022-08-30 16:44:00+00:00,910.3538211000696,SOLUSDT,fixed_risk_0_5pct,long_only
2022-09-05 10:39:00+00:00,904.8484544090416,SOLUSDT,fixed_risk_0_5pct,long_only
2022-09-06 22:30:00+00:00,905.7827305758202,SOLUSDT,fixed_risk_0_5pct,long_only
2022-09-11 06:28:00+00:00,900.4877904882201,SOLUSDT,fixed_risk_0_5pct,long_only
2022-09-11 06:30:00+00:00,895.4829184143721,SOLUSDT,fixed_risk_0_5pct,long_only
2022-09-11 08:22:00+00:00,907.7917418573995,SOLUSDT,fixed_risk_0_5pct,long_only
2022-09-12 01:42:00+00:00,916.7230971876664,SOLUSDT,fixed_risk_0_5pct,long_only
2022-09-13 14:47:00+00:00,911.9200535537684,SOLUSDT,fixed_risk_0_5pct,long_only
2022-09-13 18:53:00+00:00,907.174680286704,SOLUSDT,fixed_risk_0_5pct,long_only
2022-09-23 10:55:00+00:00,901.9461418793433,SOLUSDT,fixed_risk_0_5pct,long_only
2022-09-23 13:09:00+00:00,911.4234254861913,SOLUSDT,fixed_risk_0_5pct,long_only
2022-09-30 22:02:00+00:00,906.3299487817083,SOLUSDT,fixed_risk_0_5pct,long_only
2022-09-30 22:27:00+00:00,901.2612152321398,SOLUSDT,fixed_risk_0_5pct,long_only
2022-10-01 02:30:00+00:00,906.1415692762297,SOLUSDT,fixed_risk_0_5pct,long_only
2022-10-05 11:42:00+00:00,900.6772633926964,SOLUSDT,fixed_risk_0_5pct,long_only
2022-10-05 12:15:00+00:00,895.4291928759926,SOLUSDT,fixed_risk_0_5pct,long_only
2022-10-05 13:41:00+00:00,890.8959964204907,SOLUSDT,fixed_risk_0_5pct,long_only
2022-10-27 20:17:00+00:00,885.7050792325916,SOLUSDT,fixed_risk_0_5pct,long_only
2022-10-28 00:18:00+00:00,880.6659075671655,SOLUSDT,fixed_risk_0_5pct,long_only
2022-10-30 18:25:00+00:00,885.8332359151055,SOLUSDT,fixed_risk_0_5pct,long_only
2022-10-31 19:15:00+00:00,884.2787833503896,SOLUSDT,fixed_risk_0_5pct,long_only
2022-11-01 16:36:00+00:00,879.1538976709201,SOLUSDT,fixed_risk_0_5pct,long_only
2022-11-15 22:45:00+00:00,881.9824579897654,SOLUSDT,fixed_risk_0_5pct,long_only
2022-11-26 19:01:00+00:00,877.0190405193796,SOLUSDT,fixed_risk_0_5pct,long_only
2022-11-26 20:55:00+00:00,872.3875508571948,SOLUSDT,fixed_risk_0_5pct,long_only
2022-11-26 22:27:00+00:00,867.5953583113256,SOLUSDT,fixed_risk_0_5pct,long_only
2022-12-01 14:55:00+00:00,872.4350717312395,SOLUSDT,fixed_risk_0_5pct,long_only
2022-12-01 19:15:00+00:00,871.365398595393,SOLUSDT,fixed_risk_0_5pct,long_only
2022-12-07 06:50:00+00:00,867.7955244752254,SOLUSDT,fixed_risk_0_5pct,long_only
2022-12-07 07:06:00+00:00,863.8447394522861,SOLUSDT,fixed_risk_0_5pct,long_only
2022-12-07 07:19:00+00:00,858.86309908159,SOLUSDT,fixed_risk_0_5pct,long_only
2022-12-07 07:42:00+00:00,853.7453383067465,SOLUSDT,fixed_risk_0_5pct,long_only
2022-12-07 08:01:00+00:00,848.6434685798238,SOLUSDT,fixed_risk_0_5pct,long_only
2022-12-09 20:43:00+00:00,843.6292246785675,SOLUSDT,fixed_risk_0_5pct,long_only
2022-12-10 00:45:00+00:00,846.2350087408585,SOLUSDT,fixed_risk_0_5pct,long_only
2022-12-12 02:04:00+00:00,841.4980024275045,SOLUSDT,fixed_risk_0_5pct,long_only
2022-12-12 02:50:00+00:00,837.0273622178776,SOLUSDT,fixed_risk_0_5pct,long_only
2023-01-01 09:45:00+00:00,839.7999175679367,SOLUSDT,fixed_risk_0_5pct,long_only
2023-01-02 02:40:00+00:00,845.2693015274111,SOLUSDT,fixed_risk_0_5pct,long_only
2023-01-06 07:14:00+00:00,840.4142021204286,SOLUSDT,fixed_risk_0_5pct,long_only
2023-01-12 08:41:00+00:00,835.4798579940049,SOLUSDT,fixed_risk_0_5pct,long_only
2023-01-12 10:10:00+00:00,830.6188434379486,SOLUSDT,fixed_risk_0_5pct,long_only
2023-02-03 00:36:00+00:00,826.055849722098,SOLUSDT,fixed_risk_0_5pct,long_only
2023-02-13 01:53:00+00:00,821.5615029468763,SOLUSDT,fixed_risk_0_5pct,long_only
2023-02-13 02:31:00+00:00,817.1162826748588,SOLUSDT,fixed_risk_0_5pct,long_only
2023-02-27 07:36:00+00:00,822.3994042989772,SOLUSDT,fixed_risk_0_5pct,long_only
2023-02-27 21:32:00+00:00,827.8607984661451,SOLUSDT,fixed_risk_0_5pct,long_only
2023-03-20 23:30:00+00:00,829.92677138194,SOLUSDT,fixed_risk_0_5pct,long_only
2023-03-23 00:30:00+00:00,831.9173471918872,SOLUSDT,fixed_risk_0_5pct,long_only
2023-03-30 12:10:00+00:00,826.944081906263,SOLUSDT,fixed_risk_0_5pct,long_only
2023-03-30 16:05:00+00:00,822.0253939798927,SOLUSDT,fixed_risk_0_5pct,long_only
2023-04-01 20:03:00+00:00,826.3175046804339,SOLUSDT,fixed_risk_0_5pct,long_only
2023-04-02 15:01:00+00:00,821.8954050395976,SOLUSDT,fixed_risk_0_5pct,long_only
2023-04-02 15:16:00+00:00,816.9720746908627,SOLUSDT,fixed_risk_0_5pct,long_only
2023-04-02 16:30:00+00:00,812.1255816504063,SOLUSDT,fixed_risk_0_5pct,long_only
2023-04-05 15:04:00+00:00,807.4316885726508,SOLUSDT,fixed_risk_0_5pct,long_only
2023-04-05 19:15:00+00:00,807.9420704703036,SOLUSDT,fixed_risk_0_5pct,long_only
2023-04-14 15:32:00+00:00,803.4910675863191,SOLUSDT,fixed_risk_0_5pct,long_only
2023-04-14 16:00:00+00:00,799.1115378389454,SOLUSDT,fixed_risk_0_5pct,long_only
2023-04-14 18:14:00+00:00,805.4173511080676,SOLUSDT,fixed_risk_0_5pct,long_only
2023-04-18 18:02:00+00:00,800.7900611622949,SOLUSDT,fixed_risk_0_5pct,long_only
2023-04-18 20:45:00+00:00,808.0044713903346,SOLUSDT,fixed_risk_0_5pct,long_only
2023-04-27 00:18:00+00:00,812.2247081339281,SOLUSDT,fixed_risk_0_5pct,long_only
2023-04-30 23:54:00+00:00,807.4993960411958,SOLUSDT,fixed_risk_0_5pct,long_only
2023-05-07 23:45:00+00:00,802.9377267344444,SOLUSDT,fixed_risk_0_5pct,long_only
2023-05-08 00:03:00+00:00,798.2547686548622,SOLUSDT,fixed_risk_0_5pct,long_only
2023-05-08 00:30:00+00:00,793.678806802635,SOLUSDT,fixed_risk_0_5pct,long_only
2023-05-08 01:27:00+00:00,789.1455639847219,SOLUSDT,fixed_risk_0_5pct,long_only
2023-05-08 01:43:00+00:00,784.6589745501194,SOLUSDT,fixed_risk_0_5pct,long_only
2023-05-08 05:45:00+00:00,795.4307520158911,SOLUSDT,fixed_risk_0_5pct,long_only
2023-06-05 07:15:00+00:00,796.4059039091353,SOLUSDT,fixed_risk_0_5pct,long_only
2023-07-03 15:34:00+00:00,801.8201348236668,SOLUSDT,fixed_risk_0_5pct,long_only
2023-07-16 23:31:00+00:00,797.2669871790697,SOLUSDT,fixed_risk_0_5pct,long_only
2023-07-20 15:50:00+00:00,792.9181355024913,SOLUSDT,fixed_risk_0_5pct,long_only
2023-07-20 16:19:00+00:00,788.6258147830565,SOLUSDT,fixed_risk_0_5pct,long_only
2023-07-20 20:21:00+00:00,784.3994529596986,SOLUSDT,fixed_risk_0_5pct,long_only
2023-08-07 12:23:00+00:00,780.8970087326376,SOLUSDT,fixed_risk_0_5pct,long_only
2023-08-11 12:00:00+00:00,783.5401359954997,SOLUSDT,fixed_risk_0_5pct,long_only
2023-08-13 15:31:00+00:00,780.5619495780534,SOLUSDT,fixed_risk_0_5pct,long_only
2023-08-13 16:52:00+00:00,777.3200773861788,SOLUSDT,fixed_risk_0_5pct,long_only
2023-08-28 05:28:00+00:00,772.9678276857358,SOLUSDT,fixed_risk_0_5pct,long_only
2023-09-04 12:51:00+00:00,769.531300845542,SOLUSDT,fixed_risk_0_5pct,long_only
2023-09-04 15:08:00+00:00,766.0316926383271,SOLUSDT,fixed_risk_0_5pct,long_only
2023-09-04 15:35:00+00:00,775.4576295332004,SOLUSDT,fixed_risk_0_5pct,long_only
2023-09-08 09:06:00+00:00,771.5942661056336,SOLUSDT,fixed_risk_0_5pct,long_only
2023-09-08 09:30:00+00:00,767.8874587952453,SOLUSDT,fixed_risk_0_5pct,long_only
2023-09-08 09:59:00+00:00,764.2642327458859,SOLUSDT,fixed_risk_0_5pct,long_only
2023-09-08 10:00:00+00:00,760.6330027182009,SOLUSDT,fixed_risk_0_5pct,long_only
2023-09-15 17:33:00+00:00,756.1693218622747,SOLUSDT,fixed_risk_0_5pct,long_only
2023-10-03 22:46:00+00:00,751.967367358962,SOLUSDT,fixed_risk_0_5pct,long_only
2023-10-07 19:18:00+00:00,748.2379478942958,SOLUSDT,fixed_risk_0_5pct,long_only
2023-10-07 21:55:00+00:00,753.0405680517558,SOLUSDT,fixed_risk_0_5pct,long_only
2023-11-02 16:31:00+00:00,749.1786499360035,SOLUSDT,fixed_risk_0_5pct,long_only
2023-11-02 17:14:00+00:00,745.3602622455986,SOLUSDT,fixed_risk_0_5pct,long_only
2023-11-02 19:57:00+00:00,753.2632707114016,SOLUSDT,fixed_risk_0_5pct,long_only
2023-11-05 11:30:00+00:00,758.135300318203,SOLUSDT,fixed_risk_0_5pct,long_only
2023-11-12 23:30:00+00:00,758.4478641987525,SOLUSDT,fixed_risk_0_5pct,long_only
2023-11-16 15:46:00+00:00,754.494218516515,SOLUSDT,fixed_risk_0_5pct,long_only
2023-11-16 19:21:00+00:00,750.5769466194938,SOLUSDT,fixed_risk_0_5pct,long_only
2023-11-20 19:13:00+00:00,746.6360640328558,SOLUSDT,fixed_risk_0_5pct,long_only
2023-11-23 18:07:00+00:00,752.0646977864883,SOLUSDT,fixed_risk_0_5pct,long_only
2023-11-23 20:23:00+00:00,757.4557001505171,SOLUSDT,fixed_risk_0_5pct,long_only
2023-11-25 13:42:00+00:00,766.7496646703967,SOLUSDT,fixed_risk_0_5pct,long_only
2023-11-26 01:58:00+00:00,762.9231769071573,SOLUSDT,fixed_risk_0_5pct,long_only
2023-11-26 03:03:00+00:00,768.3200669898332,SOLUSDT,fixed_risk_0_5pct,long_only
2023-12-01 16:28:00+00:00,775.4939805555065,SOLUSDT,fixed_risk_0_5pct,long_only
2023-12-04 11:00:00+00:00,771.0477349188222,SOLUSDT,fixed_risk_0_5pct,long_only
2023-12-04 13:55:00+00:00,766.8886347888024,SOLUSDT,fixed_risk_0_5pct,long_only
2023-12-11 06:22:00+00:00,762.9548930686533,SOLUSDT,fixed_risk_0_5pct,long_only
2023-12-15 18:23:00+00:00,769.4488690610028,SOLUSDT,fixed_risk_0_5pct,long_only
2023-12-16 23:14:00+00:00,765.1780050216673,SOLUSDT,fixed_risk_0_5pct,long_only
2023-12-17 03:15:00+00:00,764.8493842027095,SOLUSDT,fixed_risk_0_5pct,long_only
2023-12-19 17:54:00+00:00,760.6902955404664,SOLUSDT,fixed_risk_0_5pct,long_only
2023-12-19 19:32:00+00:00,768.1462607693046,SOLUSDT,fixed_risk_0_5pct,long_only
2024-01-02 21:45:00+00:00,767.9092869487271,SOLUSDT,fixed_risk_0_5pct,long_only
2024-01-14 23:15:00+00:00,763.8296003851464,SOLUSDT,fixed_risk_0_5pct,long_only
2024-01-14 23:35:00+00:00,759.7545852107593,SOLUSDT,fixed_risk_0_5pct,long_only
2024-01-15 02:58:00+00:00,768.3338282318459,SOLUSDT,fixed_risk_0_5pct,long_only
2024-01-17 08:07:00+00:00,763.9774216253002,SOLUSDT,fixed_risk_0_5pct,long_only
2024-01-17 09:14:00+00:00,769.5877220767082,SOLUSDT,fixed_risk_0_5pct,long_only
2024-01-31 01:28:00+00:00,765.3974986289774,SOLUSDT,fixed_risk_0_5pct,long_only
2024-01-31 05:30:00+00:00,769.469287428099,SOLUSDT,fixed_risk_0_5pct,long_only
2024-02-13 15:14:00+00:00,765.3041682220153,SOLUSDT,fixed_risk_0_5pct,long_only
2024-02-13 18:42:00+00:00,772.9749182961275,SOLUSDT,fixed_risk_0_5pct,long_only
2024-02-25 03:20:00+00:00,768.3160575962121,SOLUSDT,fixed_risk_0_5pct,long_only
2024-02-25 06:28:00+00:00,773.978735262578,SOLUSDT,fixed_risk_0_5pct,long_only
2024-02-27 16:09:00+00:00,769.7685023140714,SOLUSDT,fixed_risk_0_5pct,long_only
2024-02-27 20:15:00+00:00,773.6341919208736,SOLUSDT,fixed_risk_0_5pct,long_only
2024-03-04 18:59:00+00:00,779.5231080892472,SOLUSDT,fixed_risk_0_5pct,long_only
2024-03-05 19:52:00+00:00,775.5137978645366,SOLUSDT,fixed_risk_0_5pct,long_only
2024-03-06 00:00:00+00:00,780.3899203297858,SOLUSDT,fixed_risk_0_5pct,long_only
2024-03-09 14:42:00+00:00,786.5135361049097,SOLUSDT,fixed_risk_0_5pct,long_only
2024-03-10 12:38:00+00:00,781.9646399651479,SOLUSDT,fixed_risk_0_5pct,long_only
2024-03-10 14:31:00+00:00,777.4123708301738,SOLUSDT,fixed_risk_0_5pct,long_only
2024-03-12 12:32:00+00:00,782.8081226006061,SOLUSDT,fixed_risk_0_5pct,long_only
2024-03-16 19:50:00+00:00,778.7157980684117,SOLUSDT,fixed_risk_0_5pct,long_only
2024-03-17 00:00:00+00:00,780.5103393387083,SOLUSDT,fixed_risk_0_5pct,long_only
2024-03-18 21:05:00+00:00,786.2385246278421,SOLUSDT,fixed_risk_0_5pct,long_only
2024-03-26 16:44:00+00:00,781.9225923143252,SOLUSDT,fixed_risk_0_5pct,long_only
2024-03-26 20:45:00+00:00,784.924811242443,SOLUSDT,fixed_risk_0_5pct,long_only
2024-03-29 07:50:00+00:00,780.2483339169706,SOLUSDT,fixed_risk_0_5pct,long_only
2024-03-29 12:00:00+00:00,786.9559927354369,SOLUSDT,fixed_risk_0_5pct,long_only
2024-04-01 07:07:00+00:00,790.9100774991523,SOLUSDT,fixed_risk_0_5pct,long_only
2024-04-12 13:02:00+00:00,786.312007555477,SOLUSDT,fixed_risk_0_5pct,long_only
2024-04-12 13:21:00+00:00,781.5602293285956,SOLUSDT,fixed_risk_0_5pct,long_only
2024-04-12 13:40:00+00:00,776.9117340260527,SOLUSDT,fixed_risk_0_5pct,long_only
2024-04-12 16:20:00+00:00,772.4005679800199,SOLUSDT,fixed_risk_0_5pct,long_only
2024-04-15 14:14:00+00:00,768.1588266479741,SOLUSDT,fixed_risk_0_5pct,long_only
2024-04-15 14:43:00+00:00,763.9939408922144,SOLUSDT,fixed_risk_0_5pct,long_only
2024-04-15 14:51:00+00:00,759.8884738625846,SOLUSDT,fixed_risk_0_5pct,long_only
2024-04-15 15:35:00+00:00,755.8360089422647,SOLUSDT,fixed_risk_0_5pct,long_only
2024-04-15 16:59:00+00:00,751.8687015802939,SOLUSDT,fixed_risk_0_5pct,long_only
2024-04-19 02:20:00+00:00,747.8623942500601,SOLUSDT,fixed_risk_0_5pct,long_only
2024-04-19 04:01:00+00:00,762.0307843604384,SOLUSDT,fixed_risk_0_5pct,long_only
2024-04-24 00:53:00+00:00,768.9737033106167,SOLUSDT,fixed_risk_0_5pct,long_only
2024-05-10 15:09:00+00:00,764.691167765218,SOLUSDT,fixed_risk_0_5pct,long_only
2024-05-10 16:06:00+00:00,760.4719910108046,SOLUSDT,fixed_risk_0_5pct,long_only
2024-05-10 20:30:00+00:00,758.739871646875,SOLUSDT,fixed_risk_0_5pct,long_only
2024-05-14 09:12:00+00:00,767.8246520010147,SOLUSDT,fixed_risk_0_5pct,long_only
2024-05-28 04:34:00+00:00,763.5613012740498,SOLUSDT,fixed_risk_0_5pct,long_only
2024-05-28 08:45:00+00:00,768.9519373811571,SOLUSDT,fixed_risk_0_5pct,long_only
2024-05-29 13:30:00+00:00,769.5769830595003,SOLUSDT,fixed_risk_0_5pct,long_only
2024-06-17 04:04:00+00:00,764.9319306962282,SOLUSDT,fixed_risk_0_5pct,long_only
2024-06-17 05:10:00+00:00,772.0634348398094,SOLUSDT,fixed_risk_0_5pct,long_only
2024-07-03 04:31:00+00:00,767.6524395447126,SOLUSDT,fixed_risk_0_5pct,long_only
2024-07-03 07:22:00+00:00,763.2949355049117,SOLUSDT,fixed_risk_0_5pct,long_only
2024-07-09 16:14:00+00:00,768.865648348571,SOLUSDT,fixed_risk_0_5pct,long_only
2024-07-10 14:47:00+00:00,764.2430651681066,SOLUSDT,fixed_risk_0_5pct,long_only
2024-07-11 15:51:00+00:00,760.0251188042744,SOLUSDT,fixed_risk_0_5pct,long_only
2024-07-11 19:29:00+00:00,755.8471988076751,SOLUSDT,fixed_risk_0_5pct,long_only
2024-07-17 21:15:00+00:00,753.619161807093,SOLUSDT,fixed_risk_0_5pct,long_only
2024-07-18 20:56:00+00:00,758.5554848401116,SOLUSDT,fixed_risk_0_5pct,long_only
2024-07-25 01:22:00+00:00,754.3332018690999,SOLUSDT,fixed_risk_0_5pct,long_only
2024-07-25 02:28:00+00:00,750.1884846965963,SOLUSDT,fixed_risk_0_5pct,long_only
2024-07-27 19:07:00+00:00,745.9178573988704,SOLUSDT,fixed_risk_0_5pct,long_only
2024-07-27 20:21:00+00:00,741.6561771041856,SOLUSDT,fixed_risk_0_5pct,long_only
2024-08-07 18:32:00+00:00,737.662507045317,SOLUSDT,fixed_risk_0_5pct,long_only
2024-08-11 12:49:00+00:00,733.457502950077,SOLUSDT,fixed_risk_0_5pct,long_only
2024-08-11 13:09:00+00:00,729.2823432105472,SOLUSDT,fixed_risk_0_5pct,long_only
2024-08-11 14:49:00+00:00,725.1411824328535,SOLUSDT,fixed_risk_0_5pct,long_only
2024-08-11 15:09:00+00:00,721.0817701759572,SOLUSDT,fixed_risk_0_5pct,long_only
2024-08-11 18:26:00+00:00,717.0640565010137,SOLUSDT,fixed_risk_0_5pct,long_only
2024-08-19 00:58:00+00:00,712.8779580244407,SOLUSDT,fixed_risk_0_5pct,long_only
2024-08-19 05:00:00+00:00,716.2640709608986,SOLUSDT,fixed_risk_0_5pct,long_only
2024-08-20 14:17:00+00:00,711.9368756632306,SOLUSDT,fixed_risk_0_5pct,long_only
2024-08-20 14:36:00+00:00,707.7173341644063,SOLUSDT,fixed_risk_0_5pct,long_only
2024-08-20 15:00:00+00:00,703.5535616988325,SOLUSDT,fixed_risk_0_5pct,long_only
2024-08-20 19:15:00+00:00,709.1041678141771,SOLUSDT,fixed_risk_0_5pct,long_only
2024-08-23 11:18:00+00:00,706.4774135590375,SOLUSDT,fixed_risk_0_5pct,long_only
2024-08-23 13:56:00+00:00,709.8592422165918,SOLUSDT,fixed_risk_0_5pct,long_only
2024-08-27 10:16:00+00:00,705.8805506959502,SOLUSDT,fixed_risk_0_5pct,long_only
2024-08-27 10:36:00+00:00,701.6674245075889,SOLUSDT,fixed_risk_0_5pct,long_only
2024-08-27 12:43:00+00:00,697.514536711593,SOLUSDT,fixed_risk_0_5pct,long_only
2024-09-03 10:28:00+00:00,703.2649519923019,SOLUSDT,fixed_risk_0_5pct,long_only
2024-09-08 14:33:00+00:00,699.131415022402,SOLUSDT,fixed_risk_0_5pct,long_only
2024-09-08 15:13:00+00:00,694.9215397731164,SOLUSDT,fixed_risk_0_5pct,long_only
2024-09-08 15:58:00+00:00,690.7336219418912,SOLUSDT,fixed_risk_0_5pct,long_only
2024-09-08 16:46:00+00:00,697.8885521989926,SOLUSDT,fixed_risk_0_5pct,long_only
2024-09-11 04:18:00+00:00,693.7609336148385,SOLUSDT,fixed_risk_0_5pct,long_only
2024-09-11 04:44:00+00:00,689.6800974558539,SOLUSDT,fixed_risk_0_5pct,long_only
2024-09-11 05:12:00+00:00,685.6440572299264,SOLUSDT,fixed_risk_0_5pct,long_only
2024-09-11 09:15:00+00:00,685.0677293621991,SOLUSDT,fixed_risk_0_5pct,long_only
2024-09-28 09:01:00+00:00,681.5067002137807,SOLUSDT,fixed_risk_0_5pct,long_only
2024-09-29 09:15:00+00:00,685.0942845077286,SOLUSDT,fixed_risk_0_5pct,long_only
2024-09-30 07:00:00+00:00,685.9045427250749,SOLUSDT,fixed_risk_0_5pct,long_only
2024-10-07 22:54:00+00:00,681.9910278045325,SOLUSDT,fixed_risk_0_5pct,long_only
2024-10-07 23:00:00+00:00,677.9237726159372,SOLUSDT,fixed_risk_0_5pct,long_only
2024-10-13 16:40:00+00:00,682.6123880229609,SOLUSDT,fixed_risk_0_5pct,long_only
2024-10-13 19:07:00+00:00,686.7976265863042,SOLUSDT,fixed_risk_0_5pct,long_only
2024-10-17 07:09:00+00:00,683.3477475471432,SOLUSDT,fixed_risk_0_5pct,long_only
2024-10-17 09:03:00+00:00,687.5897928286763,SOLUSDT,fixed_risk_0_5pct,long_only
2024-10-23 07:30:00+00:00,688.8133314654281,SOLUSDT,fixed_risk_0_5pct,long_only
2024-11-09 17:13:00+00:00,684.7275345340972,SOLUSDT,fixed_risk_0_5pct,long_only
2024-11-09 18:15:00+00:00,692.7761946051423,SOLUSDT,fixed_risk_0_5pct,long_only
2024-11-12 16:45:00+00:00,696.2105377200295,SOLUSDT,fixed_risk_0_5pct,long_only
2024-11-19 17:35:00+00:00,700.8411970390648,SOLUSDT,fixed_risk_0_5pct,long_only
2024-11-28 06:09:00+00:00,696.8200116791235,SOLUSDT,fixed_risk_0_5pct,long_only
2024-11-28 09:58:00+00:00,692.8270092856785,SOLUSDT,fixed_risk_0_5pct,long_only
2024-12-05 22:28:00+00:00,689.0376216790821,SOLUSDT,fixed_risk_0_5pct,long_only
2024-12-05 22:48:00+00:00,697.6124863506884,SOLUSDT,fixed_risk_0_5pct,long_only
2024-12-06 09:30:00+00:00,693.5082193740265,SOLUSDT,fixed_risk_0_5pct,long_only
2024-12-06 10:12:00+00:00,689.5288475210627,SOLUSDT,fixed_risk_0_5pct,long_only
2024-12-06 12:46:00+00:00,685.5856982264227,SOLUSDT,fixed_risk_0_5pct,long_only
2024-12-12 22:09:00+00:00,681.736303365169,SOLUSDT,fixed_risk_0_5pct,long_only
2024-12-13 01:21:00+00:00,677.9230379831777,SOLUSDT,fixed_risk_0_5pct,long_only
2024-12-18 04:23:00+00:00,674.3048785926028,SOLUSDT,fixed_risk_0_5pct,long_only
2024-12-29 20:08:00+00:00,670.4602694161108,SOLUSDT,fixed_risk_0_5pct,long_only
2024-12-31 22:05:00+00:00,666.5404481482582,SOLUSDT,fixed_risk_0_5pct,long_only
2024-12-31 22:24:00+00:00,662.7569611114393,SOLUSDT,fixed_risk_0_5pct,long_only
2024-12-31 22:55:00+00:00,658.8402942930251,SOLUSDT,fixed_risk_0_5pct,long_only
2024-12-31 23:08:00+00:00,654.968160131881,SOLUSDT,fixed_risk_0_5pct,long_only
2024-12-31 23:22:00+00:00,651.100324534729,SOLUSDT,fixed_risk_0_5pct,long_only
2024-12-31 23:35:00+00:00,647.2761942313568,SOLUSDT,fixed_risk_0_5pct,long_only
2025-01-01 03:45:00+00:00,649.624994158028,SOLUSDT,fixed_risk_0_5pct,long_only
2025-01-05 13:51:00+00:00,646.8087935174344,SOLUSDT,fixed_risk_0_5pct,long_only
2025-01-07 05:01:00+00:00,643.7628779810307,SOLUSDT,fixed_risk_0_5pct,long_only
2025-01-07 08:17:00+00:00,641.1362663813395,SOLUSDT,fixed_risk_0_5pct,long_only
2025-01-15 11:29:00+00:00,637.4448345856929,SOLUSDT,fixed_risk_0_5pct,long_only
2025-01-15 13:30:00+00:00,642.7107915156946,SOLUSDT,fixed_risk_0_5pct,long_only
2025-01-23 03:52:00+00:00,639.2353535680531,SOLUSDT,fixed_risk_0_5pct,long_only
2025-01-23 04:21:00+00:00,635.7911606661594,SOLUSDT,fixed_risk_0_5pct,long_only
2025-01-23 08:30:00+00:00,638.8627963886358,SOLUSDT,fixed_risk_0_5pct,long_only
2025-01-31 00:12:00+00:00,635.0887912185214,SOLUSDT,fixed_risk_0_5pct,long_only
2025-01-31 03:08:00+00:00,631.358493254706,SOLUSDT,fixed_risk_0_5pct,long_only
2025-01-31 20:06:00+00:00,627.8408497319272,SOLUSDT,fixed_risk_0_5pct,long_only
2025-01-31 21:21:00+00:00,624.3254280983538,SOLUSDT,fixed_risk_0_5pct,long_only
2025-02-01 00:11:00+00:00,630.8975271726144,SOLUSDT,fixed_risk_0_5pct,long_only
2025-02-10 22:02:00+00:00,627.2278697138145,SOLUSDT,fixed_risk_0_5pct,long_only
2025-02-10 23:28:00+00:00,623.7231918089473,SOLUSDT,fixed_risk_0_5pct,long_only
2025-02-11 00:11:00+00:00,627.5764252078841,SOLUSDT,fixed_risk_0_5pct,long_only
2025-02-11 13:49:00+00:00,623.8800137848432,SOLUSDT,fixed_risk_0_5pct,long_only
2025-02-11 17:06:00+00:00,620.2645525164306,SOLUSDT,fixed_risk_0_5pct,long_only
2025-02-21 19:27:00+00:00,617.0437381676494,SOLUSDT,fixed_risk_0_5pct,long_only
2025-02-21 21:28:00+00:00,613.7238992608886,SOLUSDT,fixed_risk_0_5pct,long_only
2025-03-02 13:50:00+00:00,610.1285668910471,SOLUSDT,fixed_risk_0_5pct,long_only
2025-03-02 14:13:00+00:00,606.553927691421,SOLUSDT,fixed_risk_0_5pct,long_only
2025-03-02 14:18:00+00:00,603.0216653422772,SOLUSDT,fixed_risk_0_5pct,long_only
2025-03-02 14:39:00+00:00,599.5228491089044,SOLUSDT,fixed_risk_0_5pct,long_only
2025-03-02 15:24:00+00:00,605.086386107122,SOLUSDT,fixed_risk_0_5pct,long_only
2025-03-26 17:33:00+00:00,601.8033708343546,SOLUSDT,fixed_risk_0_5pct,long_only
2025-04-02 22:41:00+00:00,598.7636361963297,SOLUSDT,fixed_risk_0_5pct,long_only
2025-04-03 00:03:00+00:00,595.7583959243586,SOLUSDT,fixed_risk_0_5pct,long_only
2025-04-03 04:15:00+00:00,598.3684007373299,SOLUSDT,fixed_risk_0_5pct,long_only
2025-04-14 19:13:00+00:00,602.6906584528751,SOLUSDT,fixed_risk_0_5pct,long_only
2025-04-15 18:16:00+00:00,599.4492857972648,SOLUSDT,fixed_risk_0_5pct,long_only
2025-04-15 22:24:00+00:00,596.1396084718399,SOLUSDT,fixed_risk_0_5pct,long_only
2025-04-21 13:08:00+00:00,592.9055417584328,SOLUSDT,fixed_risk_0_5pct,long_only
2025-04-21 13:59:00+00:00,589.6217947136593,SOLUSDT,fixed_risk_0_5pct,long_only
2025-04-21 14:21:00+00:00,595.3008079176423,SOLUSDT,fixed_risk_0_5pct,long_only
2025-04-28 15:27:00+00:00,592.0001777427763,SOLUSDT,fixed_risk_0_5pct,long_only
2025-04-28 19:30:00+00:00,596.9810103953344,SOLUSDT,fixed_risk_0_5pct,long_only
2025-04-29 23:10:00+00:00,593.5634252290399,SOLUSDT,fixed_risk_0_5pct,long_only
2025-04-30 03:15:00+00:00,598.1919590827454,SOLUSDT,fixed_risk_0_5pct,long_only
2025-05-12 22:26:00+00:00,602.8588982646704,SOLUSDT,fixed_risk_0_5pct,long_only
2025-05-18 19:31:00+00:00,599.5716166591949,SOLUSDT,fixed_risk_0_5pct,long_only
2025-05-18 19:53:00+00:00,596.344102741039,SOLUSDT,fixed_risk_0_5pct,long_only
2025-05-18 20:00:00+00:00,593.1419329640602,SOLUSDT,fixed_risk_0_5pct,long_only
2025-05-18 23:30:00+00:00,602.3480925053893,SOLUSDT,fixed_risk_0_5pct,long_only
2025-05-23 14:04:00+00:00,608.2545533621142,SOLUSDT,fixed_risk_0_5pct,long_only
2025-06-03 21:34:00+00:00,604.839789560725,SOLUSDT,fixed_risk_0_5pct,long_only
2025-06-03 21:56:00+00:00,601.4451358461865,SOLUSDT,fixed_risk_0_5pct,long_only
2025-06-04 02:00:00+00:00,606.0147143588989,SOLUSDT,fixed_risk_0_5pct,long_only
2025-06-11 22:03:00+00:00,602.5832206517994,SOLUSDT,fixed_risk_0_5pct,long_only
2025-06-20 15:35:00+00:00,599.0926117543472,SOLUSDT,fixed_risk_0_5pct,long_only
2025-06-20 15:48:00+00:00,595.671904698662,SOLUSDT,fixed_risk_0_5pct,long_only
2025-06-20 16:22:00+00:00,592.3252612372822,SOLUSDT,fixed_risk_0_5pct,long_only
2025-06-20 17:10:00+00:00,589.0292020188822,SOLUSDT,fixed_risk_0_5pct,long_only
2025-06-20 17:19:00+00:00,585.7763177775823,SOLUSDT,fixed_risk_0_5pct,long_only
2025-06-20 17:37:00+00:00,582.6685792267538,SOLUSDT,fixed_risk_0_5pct,long_only
2025-06-20 21:45:00+00:00,587.316274544502,SOLUSDT,fixed_risk_0_5pct,long_only
2025-06-25 20:36:00+00:00,591.5514126576013,SOLUSDT,fixed_risk_0_5pct,long_only
2025-07-03 15:35:00+00:00,588.3560126941554,SOLUSDT,fixed_risk_0_5pct,long_only
2025-07-03 19:45:00+00:00,589.8465163476525,SOLUSDT,fixed_risk_0_5pct,long_only
2025-07-14 22:05:00+00:00,586.4997604726703,SOLUSDT,fixed_risk_0_5pct,long_only
2025-07-26 21:45:00+00:00,587.0706686872047,SOLUSDT,fixed_risk_0_5pct,long_only
2025-07-28 14:17:00+00:00,583.7911281892827,SOLUSDT,fixed_risk_0_5pct,long_only
2025-07-28 17:19:00+00:00,580.5925872078703,SOLUSDT,fixed_risk_0_5pct,long_only
2025-08-05 19:30:00+00:00,579.2974528363194,SOLUSDT,fixed_risk_0_5pct,long_only
2025-08-10 08:04:00+00:00,576.061176608418,SOLUSDT,fixed_risk_0_5pct,long_only
2025-08-10 12:15:00+00:00,577.0983517839129,SOLUSDT,fixed_risk_0_5pct,long_only
2025-08-11 11:04:00+00:00,573.8306600235044,SOLUSDT,fixed_risk_0_5pct,long_only
2025-08-11 11:22:00+00:00,570.4845363759987,SOLUSDT,fixed_risk_0_5pct,long_only
2025-08-11 12:32:00+00:00,567.2046257198406,SOLUSDT,fixed_risk_0_5pct,long_only
2025-08-21 11:51:00+00:00,564.0602943191459,SOLUSDT,fixed_risk_0_5pct,long_only
2025-08-21 12:51:00+00:00,561.0106468913896,SOLUSDT,fixed_risk_0_5pct,long_only
2025-08-25 10:04:00+00:00,558.0259229414635,SOLUSDT,fixed_risk_0_5pct,long_only
2025-08-25 10:26:00+00:00,555.0439279419861,SOLUSDT,fixed_risk_0_5pct,long_only
2025-08-25 14:30:00+00:00,556.9363697019352,SOLUSDT,fixed_risk_0_5pct,long_only
2025-08-28 18:51:00+00:00,562.1697553465463,SOLUSDT,fixed_risk_0_5pct,long_only
2025-08-29 09:02:00+00:00,559.205323857724,SOLUSDT,fixed_risk_0_5pct,long_only
2025-08-29 12:30:00+00:00,564.4748983031343,SOLUSDT,fixed_risk_0_5pct,long_only
2025-09-07 20:05:00+00:00,567.191650416545,SOLUSDT,fixed_risk_0_5pct,long_only
2025-09-09 17:10:00+00:00,570.9286015772473,SOLUSDT,fixed_risk_0_5pct,long_only
2025-10-15 15:48:00+00:00,567.9578043163375,SOLUSDT,fixed_risk_0_5pct,long_only
2025-10-15 19:40:00+00:00,565.0253986295183,SOLUSDT,fixed_risk_0_5pct,long_only
2025-10-28 14:45:00+00:00,561.8826902645696,SOLUSDT,fixed_risk_0_5pct,long_only
2025-11-11 09:16:00+00:00,558.7971164056763,SOLUSDT,fixed_risk_0_5pct,long_only
2025-11-19 07:04:00+00:00,562.3077889439209,SOLUSDT,fixed_risk_0_5pct,long_only
2025-11-24 13:30:00+00:00,565.7037247430432,SOLUSDT,fixed_risk_0_5pct,long_only
2025-11-26 14:47:00+00:00,570.9702510607485,SOLUSDT,fixed_risk_0_5pct,long_only
2025-12-08 23:00:00+00:00,570.4421762948622,SOLUSDT,fixed_risk_0_5pct,long_only
2025-12-11 02:07:00+00:00,567.2366596890865,SOLUSDT,fixed_risk_0_5pct,long_only
2025-12-11 02:18:00+00:00,564.049605362944,SOLUSDT,fixed_risk_0_5pct,long_only
2025-12-11 03:03:00+00:00,560.8956052374117,SOLUSDT,fixed_risk_0_5pct,long_only
2025-12-11 03:44:00+00:00,557.8148785076464,SOLUSDT,fixed_risk_0_5pct,long_only
2025-12-11 07:45:00+00:00,560.4611579928812,SOLUSDT,fixed_risk_0_5pct,long_only
2025-12-12 16:34:00+00:00,557.4580790455864,SOLUSDT,fixed_risk_0_5pct,long_only
2025-12-12 19:46:00+00:00,554.5063828586017,SOLUSDT,fixed_risk_0_5pct,long_only
2025-12-15 17:51:00+00:00,551.6435990114611,SOLUSDT,fixed_risk_0_5pct,long_only
2025-12-15 22:00:00+00:00,552.9420001896117,SOLUSDT,fixed_risk_0_5pct,long_only
2025-12-23 00:16:00+00:00,558.1901419102461,SOLUSDT,fixed_risk_0_5pct,long_only
2025-12-26 20:15:00+00:00,558.8959584124153,SOLUSDT,fixed_risk_0_5pct,long_only
2025-12-29 12:16:00+00:00,555.6434608898126,SOLUSDT,fixed_risk_0_5pct,long_only
2025-12-29 13:51:00+00:00,552.4475273887201,SOLUSDT,fixed_risk_0_5pct,long_only
2025-12-31 20:21:00+00:00,549.2162578228504,SOLUSDT,fixed_risk_0_5pct,long_only
2026-01-06 21:12:00+00:00,554.744850440031,SOLUSDT,fixed_risk_0_5pct,long_only
2026-01-15 07:30:00+00:00,558.3691295114472,SOLUSDT,fixed_risk_0_5pct,long_only
2026-03-03 05:16:00+00:00,563.1468846797015,SOLUSDT,fixed_risk_0_5pct,long_only
2026-03-12 02:18:00+00:00,560.2982049335659,SOLUSDT,fixed_risk_0_5pct,long_only
2026-03-12 02:40:00+00:00,557.7043513135577,SOLUSDT,fixed_risk_0_5pct,long_only
2026-03-12 02:51:00+00:00,555.0135480531401,SOLUSDT,fixed_risk_0_5pct,long_only
2026-03-12 03:47:00+00:00,552.1991188801652,SOLUSDT,fixed_risk_0_5pct,long_only
2026-03-14 03:06:00+00:00,554.5016342049321,SOLUSDT,fixed_risk_0_5pct,long_only
2026-03-24 14:50:00+00:00,551.4158494386606,SOLUSDT,fixed_risk_0_5pct,long_only
2026-03-24 17:05:00+00:00,548.3783169245966,SOLUSDT,fixed_risk_0_5pct,long_only
2026-03-30 18:50:00+00:00,545.1937202651696,SOLUSDT,fixed_risk_0_5pct,long_only
2026-03-30 19:24:00+00:00,542.0494558276358,SOLUSDT,fixed_risk_0_5pct,long_only
2026-03-30 21:12:00+00:00,548.2909924836924,SOLUSDT,fixed_risk_0_5pct,long_only
2026-04-01 21:51:00+00:00,545.2309718636878,SOLUSDT,fixed_risk_0_5pct,long_only
2026-04-01 22:12:00+00:00,542.2157803437341,SOLUSDT,fixed_risk_0_5pct,long_only
2026-04-01 22:31:00+00:00,539.2267411423069,SOLUSDT,fixed_risk_0_5pct,long_only
2026-04-02 01:05:00+00:00,536.2595886258907,SOLUSDT,fixed_risk_0_5pct,long_only
2026-04-05 05:52:00+00:00,534.7624152879707,SOLUSDT,fixed_risk_0_5pct,long_only
2026-04-05 06:18:00+00:00,532.8680715749342,SOLUSDT,fixed_risk_0_5pct,long_only
2026-04-10 04:52:00+00:00,535.7040947101648,SOLUSDT,fixed_risk_0_5pct,long_only
2026-04-12 04:28:00+00:00,532.6345411777081,SOLUSDT,fixed_risk_0_5pct,long_only
2026-04-12 08:30:00+00:00,532.3447142386376,SOLUSDT,fixed_risk_0_5pct,long_only
2026-04-14 18:47:00+00:00,529.3131401568878,SOLUSDT,fixed_risk_0_5pct,long_only
2026-04-14 20:23:00+00:00,526.3289387191858,SOLUSDT,fixed_risk_0_5pct,long_only
2026-04-15 00:30:00+00:00,527.6957154619599,SOLUSDT,fixed_risk_0_5pct,long_only
2026-04-21 20:11:00+00:00,531.7595658274436,SOLUSDT,fixed_risk_0_5pct,long_only
2026-05-03 04:09:00+00:00,529.7483961545056,SOLUSDT,fixed_risk_0_5pct,long_only
2026-05-04 14:24:00+00:00,532.5367654587601,SOLUSDT,fixed_risk_0_5pct,long_only
2026-05-07 17:59:00+00:00,535.9395175590327,SOLUSDT,fixed_risk_0_5pct,long_only
2026-05-21 12:30:00+00:00,533.4579784110964,SOLUSDT,fixed_risk_0_5pct,long_only
2026-05-21 13:54:00+00:00,536.2573423953651,SOLUSDT,fixed_risk_0_5pct,long_only
2026-05-25 22:04:00+00:00,534.2921687507956,SOLUSDT,fixed_risk_0_5pct,long_only
2026-05-26 00:37:00+00:00,532.0473602011557,SOLUSDT,fixed_risk_0_5pct,long_only
2026-06-09 00:49:00+00:00,529.0935907031508,SOLUSDT,fixed_risk_0_5pct,long_only
2026-06-09 04:34:00+00:00,536.2248167372097,SOLUSDT,fixed_risk_0_5pct,long_only
2026-06-22 00:37:00+00:00,539.7072552851316,SOLUSDT,fixed_risk_0_5pct,long_only
2026-06-28 01:02:00+00:00,538.7124952418039,SOLUSDT,fixed_risk_0_5pct,long_only
